<?xml version="1.0"?>
<Project>
	<Metadata>
		<Author>djacques</Author>
		<ProjectName></ProjectName>
		<ProjectLink></ProjectLink>
		<DateCreated>2025-10-28 14:30:37</DateCreated>
		<Description></Description>
		<Title></Title>
		<LongDescription><![CDATA[{\rtf1\ansi\ansicpg1252\deff0\nouicompat\deflang2067{\fonttbl{\f0\fnil\fcharset0 Microsoft Sans Serif;}}
{\*\generator Riched20 10.0.22621}\viewkind4\uc1 
\pard\f0\fs17\par
}
]]></LongDescription>
	</Metadata>
	<GUI>
		<LastWindow>4584</LastWindow>
		<LastOutputWindow>4584</LastOutputWindow>
	</GUI>
	<Database>
		<DatabaseGroup>_managed_</DatabaseGroup>
		<DatabaseName>_CEMDATA_CEMDATA18-31-03-2022-phaseVol.dat</DatabaseName>
	</Database>
	<ThermodynamicData>
		<ImportFiles>
			<ImportFile>
				<Name>Zeolite-Na-Ca-K-Phreeqc version_2021.txt</Name>
				<ProjectGroup>false</ProjectGroup>
				<RelativePath>true</RelativePath>
				<Use>true</Use>
				<Directory>3003</Directory>
				<Format>1001</Format>
				<Type>2000</Type>
			</ImportFile>
		</ImportFiles>
	</ThermodynamicData>
	<GlobalDefinitions>
		<InputTable>
			<Tab>
				<Name>Cement Model<Visible>False</Visible>
					<ReadOnly>False</ReadOnly>
				</Name>
				<Heading>
					<Visible>False</Visible>
					<ReadOnly>False</ReadOnly>
				</Heading>
				<ToolTip>
					<Visible>False</Visible>
					<ReadOnly>False</ReadOnly>
				</ToolTip>
				<Visible>True</Visible>
				<Export>True</Export>
				<Groups>
					<Group>
						<Name>Elements<Visible>True</Visible>
							<ReadOnly>False</ReadOnly>
						</Name>
						<Heading>
							<Visible>False</Visible>
							<ReadOnly>False</ReadOnly>
						</Heading>
						<ToolTip>
							<Visible>False</Visible>
							<ReadOnly>False</ReadOnly>
						</ToolTip>
						<Visible>True</Visible>
						<Export>True</Export>
						<Info><![CDATA[]]><Visible>False</Visible>
							<ReadOnly>False</ReadOnly>
							<Type>-1</Type>
							<ExternalFile>False</ExternalFile>
						</Info>
						<Columns>
							<Column>
								<Name>Name<Visible>False</Visible>
									<ReadOnly>False</ReadOnly>
								</Name>
								<Visible>True</Visible>
								<Export>True</Export>
								<ReadOnly>True</ReadOnly>
								<VariableNaming>True</VariableNaming>
								<HeadingNaming>False</HeadingNaming>
								<Note>False</Note>
							</Column>
							<Column>
								<Name>Value<Visible>False</Visible>
									<ReadOnly>False</ReadOnly>
								</Name>
								<ToolTip>
									<Visible>False</Visible>
									<ReadOnly>False</ReadOnly>
								</ToolTip>
								<Visible>True</Visible>
								<Export>True</Export>
								<ReadOnly>False</ReadOnly>
								<VariableNaming>False</VariableNaming>
								<HeadingNaming>False</HeadingNaming>
								<Note>False</Note>
							</Column>
							<Column>
								<Name>Unit<Visible>False</Visible>
									<ReadOnly>False</ReadOnly>
								</Name>
								<Visible>True</Visible>
								<Export>True</Export>
								<ReadOnly>True</ReadOnly>
								<VariableNaming>False</VariableNaming>
								<HeadingNaming>False</HeadingNaming>
								<Note>False</Note>
							</Column>
							<Column>
								<Name>Description<Visible>False</Visible>
									<ReadOnly>False</ReadOnly>
								</Name>
								<Visible>True</Visible>
								<Export>True</Export>
								<ReadOnly>True</ReadOnly>
								<VariableNaming>False</VariableNaming>
								<HeadingNaming>False</HeadingNaming>
								<Note>False</Note>
							</Column>
							<Column>
								<Name>Note<Visible>False</Visible>
									<ReadOnly>False</ReadOnly>
								</Name>
								<ToolTip>
									<Visible>False</Visible>
									<ReadOnly>False</ReadOnly>
								</ToolTip>
								<Visible>True</Visible>
								<Export>True</Export>
								<ReadOnly>False</ReadOnly>
								<VariableNaming>False</VariableNaming>
								<HeadingNaming>False</HeadingNaming>
								<Note>True</Note>
							</Column>
						</Columns>
						<Records>
							<Record>
								<ID><![CDATA[2024-01-09T16:09:2510]]></ID>
								<Visible>True</Visible>
								<Export>True</Export>
								<Cell><![CDATA[Cement::Model::System$]]></Cell>
								<Cell>
									<Text>
										<List>
											<Folder>Modules</Folder>
											<File>ModuleCement_ModelSystem.xml</File>
											<Default>0</Default>
											<Dynamic>True</Dynamic>
										</List>
									</Text>
								</Cell>
								<Cell><![CDATA[]]></Cell>
								<Cell><![CDATA[]]></Cell>
								<Cell>
									<Text />
									<Default />
								</Cell>
							</Record>
						</Records>
					</Group>
					<Group>
						<Name>Model Options<Visible>True</Visible>
							<ReadOnly>False</ReadOnly>
						</Name>
						<Heading>
							<Visible>False</Visible>
							<ReadOnly>False</ReadOnly>
						</Heading>
						<ToolTip>
							<Visible>False</Visible>
							<ReadOnly>False</ReadOnly>
						</ToolTip>
						<Visible>True</Visible>
						<Export>True</Export>
						<Columns>
							<Column>
								<Name>Name<Visible>False</Visible>
									<ReadOnly>False</ReadOnly>
								</Name>
								<Visible>True</Visible>
								<Export>True</Export>
								<ReadOnly>True</ReadOnly>
								<VariableNaming>True</VariableNaming>
								<HeadingNaming>False</HeadingNaming>
								<Note>False</Note>
							</Column>
							<Column>
								<Name>Value<Visible>False</Visible>
									<ReadOnly>False</ReadOnly>
								</Name>
								<Visible>True</Visible>
								<Export>True</Export>
								<ReadOnly>False</ReadOnly>
								<VariableNaming>False</VariableNaming>
								<HeadingNaming>False</HeadingNaming>
								<Note>False</Note>
							</Column>
							<Column>
								<Name>Unit<Visible>False</Visible>
									<ReadOnly>False</ReadOnly>
								</Name>
								<Visible>True</Visible>
								<Export>True</Export>
								<ReadOnly>True</ReadOnly>
								<VariableNaming>False</VariableNaming>
								<HeadingNaming>False</HeadingNaming>
								<Note>False</Note>
							</Column>
							<Column>
								<Name>Description<Visible>False</Visible>
									<ReadOnly>False</ReadOnly>
								</Name>
								<Visible>True</Visible>
								<Export>True</Export>
								<ReadOnly>True</ReadOnly>
								<VariableNaming>False</VariableNaming>
								<HeadingNaming>False</HeadingNaming>
								<Note>False</Note>
							</Column>
							<Column>
								<Name>Note<Visible>False</Visible>
									<ReadOnly>False</ReadOnly>
								</Name>
								<Visible>True</Visible>
								<Export>True</Export>
								<ReadOnly>False</ReadOnly>
								<VariableNaming>False</VariableNaming>
								<HeadingNaming>False</HeadingNaming>
								<Note>True</Note>
							</Column>
						</Columns>
						<Records>
							<Record>
								<ID><![CDATA[2024-01-18T7:15:2712]]></ID>
								<Visible>True</Visible>
								<Export>True</Export>
								<Cell><![CDATA[Cement::Model::AFT_s_s$]]></Cell>
								<Cell>
									<Text>
										<List>
											<Item>s_s_nonideal<Visible>True</Visible>
												<ReadOnly>True</ReadOnly>
												<Tag0 />
											</Item>
											<Item>s_s_ideal<Visible>True</Visible>
												<ReadOnly>True</ReadOnly>
												<Tag0 />
											</Item>
											<Item>s_s_no<Visible>True</Visible>
												<ReadOnly>True</ReadOnly>
												<Tag0 />
											</Item>
											<Default>0</Default>
											<Dynamic>False</Dynamic>
										</List>
									</Text>
								</Cell>
								<Cell><![CDATA[]]></Cell>
								<Cell><![CDATA[]]></Cell>
								<Cell>
									<Text />
									<Default />
								</Cell>
							</Record>
							<Record>
								<ID><![CDATA[2024-02-05T21:03:5313]]></ID>
								<Visible>True</Visible>
								<Export>True</Export>
								<Cell><![CDATA[Cement::Model::MSH$]]></Cell>
								<Cell>
									<Text>
										<List>
											<Item>s_s_ideal<Visible>True</Visible>
												<ReadOnly>True</ReadOnly>
												<Tag0 />
											</Item>
											<Item>s_s_no<Visible>True</Visible>
												<ReadOnly>True</ReadOnly>
												<Tag0 />
											</Item>
											<Default>0</Default>
											<Dynamic>False</Dynamic>
										</List>
									</Text>
								</Cell>
								<Cell><![CDATA[]]></Cell>
								<Cell><![CDATA[]]></Cell>
								<Cell>
									<Text />
									<Default />
								</Cell>
							</Record>
							<Record>
								<ID><![CDATA[2024-01-22T15:29:3113]]></ID>
								<Visible>True</Visible>
								<Export>True</Export>
								<Cell><![CDATA[Cement::Model::Monosulfoaluminate]]></Cell>
								<Cell>
									<Check>False</Check>
									<Default>False</Default>
								</Cell>
								<Cell><![CDATA[]]></Cell>
								<Cell><![CDATA[Forced to be 0 (no precipitation during hydration)]]></Cell>
								<Cell>
									<Text />
									<Default />
								</Cell>
							</Record>
							<Record>
								<ID><![CDATA[2024-02-06T5:42:1915]]></ID>
								<Visible>True</Visible>
								<Export>True</Export>
								<Cell><![CDATA[Cement::Model::Zeolites::Na]]></Cell>
								<Cell>
									<Check>False</Check>
									<Default>False</Default>
								</Cell>
								<Cell><![CDATA[]]></Cell>
								<Cell><![CDATA[]]></Cell>
								<Cell>
									<Text />
									<Default />
								</Cell>
							</Record>
							<Record>
								<ID><![CDATA[2024-02-06T5:43:4636]]></ID>
								<Visible>True</Visible>
								<Export>True</Export>
								<Cell><![CDATA[Cement::Model::Zeolites::K]]></Cell>
								<Cell>
									<Check>False</Check>
									<Default>False</Default>
								</Cell>
								<Cell><![CDATA[]]></Cell>
								<Cell><![CDATA[]]></Cell>
								<Cell>
									<Text />
									<Default />
								</Cell>
							</Record>
							<Record>
								<ID><![CDATA[2024-02-06T5:43:4837]]></ID>
								<Visible>True</Visible>
								<Export>True</Export>
								<Cell><![CDATA[Cement::Model::Zeolites::Ca]]></Cell>
								<Cell>
									<Check>False</Check>
									<Default>False</Default>
								</Cell>
								<Cell><![CDATA[]]></Cell>
								<Cell><![CDATA[]]></Cell>
								<Cell>
									<Text />
									<Default />
								</Cell>
							</Record>
						</Records>
					</Group>
				</Groups>
			</Tab>
			<Tab>
				<Name>Cement Recipe - mineral<Visible>False</Visible>
					<ReadOnly>False</ReadOnly>
				</Name>
				<Heading>
					<Visible>False</Visible>
					<ReadOnly>False</ReadOnly>
				</Heading>
				<ToolTip>
					<Visible>False</Visible>
					<ReadOnly>False</ReadOnly>
				</ToolTip>
				<Visible>True</Visible>
				<Export>True</Export>
				<Groups>
					<Group>
						<Name>Properties<Visible>True</Visible>
							<ReadOnly>False</ReadOnly>
						</Name>
						<Heading>
							<Visible>False</Visible>
							<ReadOnly>False</ReadOnly>
						</Heading>
						<ToolTip>
							<Visible>False</Visible>
							<ReadOnly>False</ReadOnly>
						</ToolTip>
						<Visible>True</Visible>
						<Export>True</Export>
						<Columns>
							<Column>
								<Name>Name<Visible>False</Visible>
									<ReadOnly>False</ReadOnly>
								</Name>
								<ToolTip>
									<Visible>False</Visible>
									<ReadOnly>False</ReadOnly>
								</ToolTip>
								<Visible>True</Visible>
								<Export>True</Export>
								<ReadOnly>True</ReadOnly>
								<VariableNaming>True</VariableNaming>
								<HeadingNaming>False</HeadingNaming>
								<Note>False</Note>
							</Column>
							<Column>
								<Name>Value<Visible>False</Visible>
									<ReadOnly>False</ReadOnly>
								</Name>
								<Visible>True</Visible>
								<Export>True</Export>
								<ReadOnly>False</ReadOnly>
								<VariableNaming>False</VariableNaming>
								<HeadingNaming>False</HeadingNaming>
								<Note>False</Note>
							</Column>
							<Column>
								<Name>Unit<Visible>False</Visible>
									<ReadOnly>False</ReadOnly>
								</Name>
								<Visible>True</Visible>
								<Export>True</Export>
								<ReadOnly>True</ReadOnly>
								<VariableNaming>False</VariableNaming>
								<HeadingNaming>False</HeadingNaming>
								<Note>False</Note>
							</Column>
							<Column>
								<Name>Description<Visible>False</Visible>
									<ReadOnly>False</ReadOnly>
								</Name>
								<Visible>True</Visible>
								<Export>True</Export>
								<ReadOnly>True</ReadOnly>
								<VariableNaming>False</VariableNaming>
								<HeadingNaming>False</HeadingNaming>
								<Note>False</Note>
							</Column>
							<Column>
								<Name>Note<Visible>False</Visible>
									<ReadOnly>False</ReadOnly>
								</Name>
								<Visible>True</Visible>
								<Export>True</Export>
								<ReadOnly>False</ReadOnly>
								<VariableNaming>False</VariableNaming>
								<HeadingNaming>False</HeadingNaming>
								<Note>True</Note>
							</Column>
						</Columns>
						<Records>
							<Record>
								<ID><![CDATA[2023-01-31T14:56:0110]]></ID>
								<Visible>True</Visible>
								<Export>True</Export>
								<Cell><![CDATA[Cement::Recipe::T]]></Cell>
								<Cell>
									<Text>25</Text>
									<Default>25</Default>
								</Cell>
								<Cell><![CDATA[Celsius]]></Cell>
								<Cell><![CDATA[]]></Cell>
								<Cell>
									<Text />
									<Default />
								</Cell>
							</Record>
							<Record>
								<ID><![CDATA[2023-01-31T14:56:3011]]></ID>
								<Visible>True</Visible>
								<Export>True</Export>
								<Cell><![CDATA[Cement::Recipe::w_c]]></Cell>
								<Cell>
									<Text>0.5</Text>
									<Default>0.5</Default>
								</Cell>
								<Cell><![CDATA[-]]></Cell>
								<Cell><![CDATA[]]></Cell>
								<Cell>
									<Text />
									<Default />
								</Cell>
							</Record>
							<Record>
								<ID><![CDATA[2023-01-31T14:57:0012]]></ID>
								<Visible>True</Visible>
								<Export>True</Export>
								<Cell><![CDATA[Cement::Recipe::Amount]]></Cell>
								<Cell>
									<Text>100</Text>
									<Default>100</Default>
								</Cell>
								<Cell><![CDATA[g]]></Cell>
								<Cell><![CDATA[]]></Cell>
								<Cell>
									<Text />
									<Default />
								</Cell>
							</Record>
						</Records>
					</Group>
					<Group>
						<Name>OPC Clinker<Visible>True</Visible>
							<ReadOnly>False</ReadOnly>
						</Name>
						<Heading>
							<Visible>False</Visible>
							<ReadOnly>False</ReadOnly>
						</Heading>
						<ToolTip>
							<Visible>False</Visible>
							<ReadOnly>False</ReadOnly>
						</ToolTip>
						<Visible>True</Visible>
						<Export>True</Export>
						<Info><![CDATA[]]><Visible>False</Visible>
							<ReadOnly>False</ReadOnly>
							<Type>2</Type>
							<ExternalFile>False</ExternalFile>
						</Info>
						<Columns>
							<Column>
								<Name>Name<Visible>False</Visible>
									<ReadOnly>False</ReadOnly>
								</Name>
								<ToolTip>
									<Visible>False</Visible>
									<ReadOnly>False</ReadOnly>
								</ToolTip>
								<Visible>True</Visible>
								<Export>True</Export>
								<ReadOnly>True</ReadOnly>
								<VariableNaming>True</VariableNaming>
								<HeadingNaming>False</HeadingNaming>
								<Note>False</Note>
							</Column>
							<Column>
								<Name>Value<Visible>False</Visible>
									<ReadOnly>False</ReadOnly>
								</Name>
								<Visible>True</Visible>
								<Export>True</Export>
								<ReadOnly>False</ReadOnly>
								<VariableNaming>False</VariableNaming>
								<HeadingNaming>False</HeadingNaming>
								<Note>False</Note>
							</Column>
							<Column>
								<Name>Unit<Visible>False</Visible>
									<ReadOnly>False</ReadOnly>
								</Name>
								<Visible>True</Visible>
								<Export>True</Export>
								<ReadOnly>True</ReadOnly>
								<VariableNaming>False</VariableNaming>
								<HeadingNaming>False</HeadingNaming>
								<Note>False</Note>
							</Column>
							<Column>
								<Name>Description<Visible>False</Visible>
									<ReadOnly>False</ReadOnly>
								</Name>
								<Visible>True</Visible>
								<Export>True</Export>
								<ReadOnly>True</ReadOnly>
								<VariableNaming>False</VariableNaming>
								<HeadingNaming>False</HeadingNaming>
								<Note>False</Note>
							</Column>
							<Column>
								<Name>Note<Visible>False</Visible>
									<ReadOnly>False</ReadOnly>
								</Name>
								<Visible>True</Visible>
								<Export>True</Export>
								<ReadOnly>False</ReadOnly>
								<VariableNaming>False</VariableNaming>
								<HeadingNaming>False</HeadingNaming>
								<Note>True</Note>
							</Column>
						</Columns>
						<Records>
							<Record>
								<ID><![CDATA[2023-01-31T15:07:3970]]></ID>
								<Visible>True</Visible>
								<Export>True</Export>
								<Cell><![CDATA[Cement::Clinker::Mineral::Reference$]]></Cell>
								<Cell>
									<Text>
										<List>
											<Folder>Data</Folder>
											<File>OPC_min_list.xml</File>
											<Default>0</Default>
											<Dynamic>True</Dynamic>
										</List>
									</Text>
								</Cell>
								<Cell><![CDATA[]]></Cell>
								<Cell><![CDATA[]]></Cell>
								<Cell>
									<Text />
									<Default />
								</Cell>
							</Record>
							<Record>
								<ID><![CDATA[2024-03-12T8:21:5431]]></ID>
								<Visible>True</Visible>
								<Export>True</Export>
								<Cell><![CDATA[Cement::Clinker::Alite$]]></Cell>
								<Cell>
									<Text>
										<List>
											<Folder>Data</Folder>
											<File>OPC_alite_list.xml</File>
											<Default>0</Default>
											<Dynamic>True</Dynamic>
										</List>
									</Text>
								</Cell>
								<Cell><![CDATA[]]></Cell>
								<Cell><![CDATA[]]></Cell>
								<Cell>
									<Text />
									<Default />
								</Cell>
							</Record>
							<Record>
								<ID><![CDATA[2024-03-12T8:22:2132]]></ID>
								<Visible>True</Visible>
								<Export>True</Export>
								<Cell><![CDATA[Cement::Clinker::Belite$]]></Cell>
								<Cell>
									<Text>
										<List>
											<Folder>Data</Folder>
											<File>OPC_bellite_list.xml</File>
											<Default>0</Default>
											<Dynamic>True</Dynamic>
										</List>
									</Text>
								</Cell>
								<Cell><![CDATA[]]></Cell>
								<Cell><![CDATA[]]></Cell>
								<Cell>
									<Text />
									<Default />
								</Cell>
							</Record>
							<Record>
								<ID><![CDATA[2024-03-12T8:21:4033]]></ID>
								<Visible>True</Visible>
								<Export>True</Export>
								<Cell><![CDATA[Cement::Clinker::Aluminate$]]></Cell>
								<Cell>
									<Text>
										<List>
											<Folder>Data</Folder>
											<File>OPC_aluminate_list.xml</File>
											<Default>0</Default>
											<Dynamic>True</Dynamic>
										</List>
									</Text>
								</Cell>
								<Cell><![CDATA[]]></Cell>
								<Cell><![CDATA[]]></Cell>
								<Cell>
									<Text />
									<Default />
								</Cell>
							</Record>
							<Record>
								<ID><![CDATA[2024-03-12T8:22:4534]]></ID>
								<Visible>True</Visible>
								<Export>True</Export>
								<Cell><![CDATA[Cement::Clinker::Ferrite$]]></Cell>
								<Cell>
									<Text>
										<List>
											<Folder>Data</Folder>
											<File>OPC_ferrite_list.xml</File>
											<Default>0</Default>
											<Dynamic>True</Dynamic>
										</List>
									</Text>
								</Cell>
								<Cell><![CDATA[]]></Cell>
								<Cell><![CDATA[]]></Cell>
								<Cell>
									<Text />
									<Default />
								</Cell>
							</Record>
							<Record>
								<ID><![CDATA[2023-01-31T14:58:4520]]></ID>
								<Visible>True</Visible>
								<Export>True</Export>
								<Cell><![CDATA[Cement::Clinker::Amount]]></Cell>
								<Cell>
									<Text>100</Text>
									<Default>100</Default>
								</Cell>
								<Cell><![CDATA[weight%]]></Cell>
								<Cell><![CDATA[]]></Cell>
								<Cell>
									<Text />
									<Default />
								</Cell>
							</Record>
							<Record>
								<ID><![CDATA[2023-03-03T16:40:3682]]></ID>
								<Visible>False</Visible>
								<Export>False</Export>
								<Cell><![CDATA[Cement::Clinker::ReactedAmount]]></Cell>
								<Cell>
									<Text>100</Text>
									<Default>100</Default>
								</Cell>
								<Cell><![CDATA[weight%]]></Cell>
								<Cell><![CDATA[]]></Cell>
								<Cell>
									<Text />
									<Default />
								</Cell>
							</Record>
							<Record>
								<ID><![CDATA[2023-03-03T13:36:5012]]></ID>
								<Visible>True</Visible>
								<Export>True</Export>
								<Cell><![CDATA[Cement::Clinker::BulkDensity]]></Cell>
								<Cell>
									<Text>3.1</Text>
									<Default>3.1</Default>
								</Cell>
								<Cell><![CDATA[kg/dm3]]></Cell>
								<Cell><![CDATA[]]></Cell>
								<Cell>
									<Text />
									<Default />
								</Cell>
							</Record>
						</Records>
					</Group>
				</Groups>
			</Tab>
			<Tab>
				<Name>Hydration<Visible>False</Visible>
					<ReadOnly>False</ReadOnly>
				</Name>
				<Heading>
					<Visible>False</Visible>
					<ReadOnly>False</ReadOnly>
				</Heading>
				<ToolTip>
					<Visible>False</Visible>
					<ReadOnly>False</ReadOnly>
				</ToolTip>
				<Visible>True</Visible>
				<Export>True</Export>
				<Groups>
					<Group>
						<Name>Hydration settings<Visible>True</Visible>
							<ReadOnly>False</ReadOnly>
						</Name>
						<Heading>
							<Visible>False</Visible>
							<ReadOnly>False</ReadOnly>
						</Heading>
						<ToolTip>
							<Visible>False</Visible>
							<ReadOnly>False</ReadOnly>
						</ToolTip>
						<Visible>True</Visible>
						<Export>True</Export>
						<Columns>
							<Column>
								<Name>Name<Visible>False</Visible>
									<ReadOnly>False</ReadOnly>
								</Name>
								<Visible>True</Visible>
								<Export>True</Export>
								<ReadOnly>True</ReadOnly>
								<VariableNaming>True</VariableNaming>
								<HeadingNaming>False</HeadingNaming>
								<Note>False</Note>
							</Column>
							<Column>
								<Name>Value<Visible>False</Visible>
									<ReadOnly>False</ReadOnly>
								</Name>
								<Visible>True</Visible>
								<Export>True</Export>
								<ReadOnly>False</ReadOnly>
								<VariableNaming>False</VariableNaming>
								<HeadingNaming>False</HeadingNaming>
								<Note>False</Note>
							</Column>
							<Column>
								<Name>Unit<Visible>False</Visible>
									<ReadOnly>False</ReadOnly>
								</Name>
								<Visible>True</Visible>
								<Export>True</Export>
								<ReadOnly>True</ReadOnly>
								<VariableNaming>False</VariableNaming>
								<HeadingNaming>False</HeadingNaming>
								<Note>False</Note>
							</Column>
							<Column>
								<Name>Description<Visible>False</Visible>
									<ReadOnly>False</ReadOnly>
								</Name>
								<Visible>True</Visible>
								<Export>True</Export>
								<ReadOnly>True</ReadOnly>
								<VariableNaming>False</VariableNaming>
								<HeadingNaming>False</HeadingNaming>
								<Note>False</Note>
							</Column>
							<Column>
								<Name>Note<Visible>False</Visible>
									<ReadOnly>False</ReadOnly>
								</Name>
								<Visible>True</Visible>
								<Export>True</Export>
								<ReadOnly>False</ReadOnly>
								<VariableNaming>False</VariableNaming>
								<HeadingNaming>False</HeadingNaming>
								<Note>True</Note>
							</Column>
						</Columns>
						<Records>
							<Record>
								<ID><![CDATA[2024-03-12T8:29:0490]]></ID>
								<Visible>True</Visible>
								<Export>True</Export>
								<Cell><![CDATA[Cement::Hydration::Time]]></Cell>
								<Cell>
									<Text>28</Text>
									<Default>28</Default>
								</Cell>
								<Cell><![CDATA[days]]></Cell>
								<Cell><![CDATA[]]></Cell>
								<Cell>
									<Text />
									<Default />
								</Cell>
							</Record>
							<Record>
								<ID><![CDATA[2024-03-12T8:29:4091]]></ID>
								<Visible>True</Visible>
								<Export>True</Export>
								<Cell><![CDATA[Cement::Hydration::Steps]]></Cell>
								<Cell>
									<Text>100</Text>
									<Default>100</Default>
								</Cell>
								<Cell><![CDATA[-]]></Cell>
								<Cell><![CDATA[on a logscale basis]]></Cell>
								<Cell>
									<Text />
									<Default />
								</Cell>
							</Record>
						</Records>
					</Group>
					<Group>
						<Name>Parameters OPC<Visible>True</Visible>
							<ReadOnly>False</ReadOnly>
						</Name>
						<Heading>
							<Visible>False</Visible>
							<ReadOnly>False</ReadOnly>
						</Heading>
						<ToolTip>
							<Visible>False</Visible>
							<ReadOnly>False</ReadOnly>
						</ToolTip>
						<Visible>True</Visible>
						<Export>True</Export>
						<Info><![CDATA[]]><Visible>False</Visible>
							<ReadOnly>False</ReadOnly>
							<Type>2</Type>
							<ExternalFile>False</ExternalFile>
							<ParentFolder />
							<RelativePath />
						</Info>
						<Columns>
							<Column>
								<Name>Name<Visible>False</Visible>
									<ReadOnly>False</ReadOnly>
								</Name>
								<Visible>True</Visible>
								<Export>True</Export>
								<ReadOnly>True</ReadOnly>
								<VariableNaming>True</VariableNaming>
								<HeadingNaming>False</HeadingNaming>
								<Note>False</Note>
							</Column>
							<Column>
								<Name>Value<Visible>False</Visible>
									<ReadOnly>False</ReadOnly>
								</Name>
								<Visible>True</Visible>
								<Export>True</Export>
								<ReadOnly>False</ReadOnly>
								<VariableNaming>False</VariableNaming>
								<HeadingNaming>False</HeadingNaming>
								<Note>False</Note>
							</Column>
							<Column>
								<Name>Unit<Visible>False</Visible>
									<ReadOnly>False</ReadOnly>
								</Name>
								<Visible>True</Visible>
								<Export>True</Export>
								<ReadOnly>True</ReadOnly>
								<VariableNaming>False</VariableNaming>
								<HeadingNaming>False</HeadingNaming>
								<Note>False</Note>
							</Column>
							<Column>
								<Name>Description<Visible>False</Visible>
									<ReadOnly>False</ReadOnly>
								</Name>
								<Visible>True</Visible>
								<Export>True</Export>
								<ReadOnly>True</ReadOnly>
								<VariableNaming>False</VariableNaming>
								<HeadingNaming>False</HeadingNaming>
								<Note>False</Note>
							</Column>
							<Column>
								<Name>Note<Visible>False</Visible>
									<ReadOnly>False</ReadOnly>
								</Name>
								<Visible>True</Visible>
								<Export>True</Export>
								<ReadOnly>False</ReadOnly>
								<VariableNaming>False</VariableNaming>
								<HeadingNaming>False</HeadingNaming>
								<Note>True</Note>
							</Column>
						</Columns>
						<Records>
							<Record>
								<ID><![CDATA[2024-03-12T8:35:48110]]></ID>
								<Visible>True</Visible>
								<Export>True</Export>
								<Cell><![CDATA[Cement::Hydration::Model$]]></Cell>
								<Cell>
									<Text>
										<List>
											<Item>P&amp;K<Visible>True</Visible>
												<ReadOnly>True</ReadOnly>
												<Tag0>Parrot and Killochs Model</Tag0>
											</Item>
											<Default>0</Default>
											<Dynamic>False</Dynamic>
										</List>
									</Text>
								</Cell>
								<Cell><![CDATA[]]></Cell>
								<Cell><![CDATA[]]></Cell>
								<Cell>
									<Text />
									<Default />
								</Cell>
							</Record>
							<Record>
								<ID><![CDATA[2024-03-12T8:46:07161]]></ID>
								<Visible>True</Visible>
								<Export>True</Export>
								<Cell><![CDATA[Cement::Hydration::Alite::Par$]]></Cell>
								<Cell>
									<Text>
										<List>
											<Folder>Data</Folder>
											<File>OPC_alite_PK_list.xml</File>
											<Default>0</Default>
											<Dynamic>True</Dynamic>
										</List>
									</Text>
								</Cell>
								<Cell><![CDATA[]]></Cell>
								<Cell><![CDATA[]]></Cell>
								<Cell>
									<Text />
									<Default />
								</Cell>
							</Record>
							<Record>
								<ID><![CDATA[2024-03-12T11:38:2612]]></ID>
								<Visible>True</Visible>
								<Export>True</Export>
								<Cell><![CDATA[Cement::Hydration::Belite::Par$]]></Cell>
								<Cell>
									<Text>
										<List>
											<Folder>Data</Folder>
											<File>OPC_belite_PK_list.xml</File>
											<Default>0</Default>
											<Dynamic>True</Dynamic>
										</List>
									</Text>
								</Cell>
								<Cell><![CDATA[]]></Cell>
								<Cell><![CDATA[]]></Cell>
								<Cell>
									<Text />
									<Default />
								</Cell>
							</Record>
							<Record>
								<ID><![CDATA[2024-03-12T11:38:2713]]></ID>
								<Visible>True</Visible>
								<Export>True</Export>
								<Cell><![CDATA[Cement::Hydration::Aluminate::Par$]]></Cell>
								<Cell>
									<Text>
										<List>
											<Folder>Data</Folder>
											<File>OPC_aluminate_PK_list.xml</File>
											<Default>0</Default>
											<Dynamic>True</Dynamic>
										</List>
									</Text>
								</Cell>
								<Cell><![CDATA[]]></Cell>
								<Cell><![CDATA[]]></Cell>
								<Cell>
									<Text />
									<Default />
								</Cell>
							</Record>
							<Record>
								<ID><![CDATA[2024-03-12T11:38:2914]]></ID>
								<Visible>True</Visible>
								<Export>True</Export>
								<Cell><![CDATA[Cement::Hydration::Ferrite::Par$]]></Cell>
								<Cell>
									<Text>
										<List>
											<Folder>Data</Folder>
											<File>OPC_ferrite_PK_list.xml</File>
											<Default>0</Default>
											<Dynamic>True</Dynamic>
										</List>
									</Text>
								</Cell>
								<Cell><![CDATA[]]></Cell>
								<Cell><![CDATA[]]></Cell>
								<Cell>
									<Text />
									<Default />
								</Cell>
							</Record>
						</Records>
					</Group>
				</Groups>
			</Tab>
			<Tab>
				<Name>Output<Visible>False</Visible>
					<ReadOnly>False</ReadOnly>
				</Name>
				<Heading>
					<Visible>False</Visible>
					<ReadOnly>False</ReadOnly>
				</Heading>
				<ToolTip>
					<Visible>False</Visible>
					<ReadOnly>False</ReadOnly>
				</ToolTip>
				<Visible>True</Visible>
				<Export>True</Export>
				<Groups>
					<Group>
						<Name>Output - Values<Visible>True</Visible>
							<ReadOnly>False</ReadOnly>
						</Name>
						<Heading>
							<Visible>False</Visible>
							<ReadOnly>False</ReadOnly>
						</Heading>
						<ToolTip>
							<Visible>False</Visible>
							<ReadOnly>False</ReadOnly>
						</ToolTip>
						<Visible>True</Visible>
						<Export>True</Export>
						<Columns>
							<Column>
								<Name>Name<Visible>False</Visible>
									<ReadOnly>False</ReadOnly>
								</Name>
								<Visible>True</Visible>
								<Export>True</Export>
								<ReadOnly>True</ReadOnly>
								<VariableNaming>True</VariableNaming>
								<HeadingNaming>False</HeadingNaming>
								<Note>False</Note>
							</Column>
							<Column>
								<Name>Value<Visible>False</Visible>
									<ReadOnly>False</ReadOnly>
								</Name>
								<Visible>True</Visible>
								<Export>True</Export>
								<ReadOnly>False</ReadOnly>
								<VariableNaming>False</VariableNaming>
								<HeadingNaming>False</HeadingNaming>
								<Note>False</Note>
							</Column>
							<Column>
								<Name>Unit<Visible>False</Visible>
									<ReadOnly>False</ReadOnly>
								</Name>
								<Visible>True</Visible>
								<Export>True</Export>
								<ReadOnly>True</ReadOnly>
								<VariableNaming>False</VariableNaming>
								<HeadingNaming>False</HeadingNaming>
								<Note>False</Note>
							</Column>
							<Column>
								<Name>Description<Visible>False</Visible>
									<ReadOnly>False</ReadOnly>
								</Name>
								<Visible>True</Visible>
								<Export>True</Export>
								<ReadOnly>True</ReadOnly>
								<VariableNaming>False</VariableNaming>
								<HeadingNaming>False</HeadingNaming>
								<Note>False</Note>
							</Column>
							<Column>
								<Name>Note<Visible>False</Visible>
									<ReadOnly>False</ReadOnly>
								</Name>
								<ToolTip>
									<Visible>False</Visible>
									<ReadOnly>False</ReadOnly>
								</ToolTip>
								<Visible>True</Visible>
								<Export>True</Export>
								<ReadOnly>False</ReadOnly>
								<VariableNaming>False</VariableNaming>
								<HeadingNaming>False</HeadingNaming>
								<Note>True</Note>
							</Column>
						</Columns>
						<Records>
							<Record>
								<ID><![CDATA[2024-03-14T5:43:3610]]></ID>
								<Visible>True</Visible>
								<Export>True</Export>
								<Cell><![CDATA[Cement::Output::Hydrates::Moles]]></Cell>
								<Cell>
									<Check>True</Check>
									<Default>True</Default>
								</Cell>
								<Cell><![CDATA[]]></Cell>
								<Cell><![CDATA[]]></Cell>
								<Cell>
									<Text />
									<Default />
								</Cell>
							</Record>
							<Record>
								<ID><![CDATA[2024-03-14T5:43:0510]]></ID>
								<Visible>True</Visible>
								<Export>True</Export>
								<Cell><![CDATA[Cement::Output::Hydrates::Volumes]]></Cell>
								<Cell>
									<Check>True</Check>
									<Default>True</Default>
								</Cell>
								<Cell><![CDATA[]]></Cell>
								<Cell><![CDATA[]]></Cell>
								<Cell>
									<Text />
									<Default />
								</Cell>
							</Record>
							<Record>
								<ID><![CDATA[2024-03-14T5:43:2011]]></ID>
								<Visible>True</Visible>
								<Export>True</Export>
								<Cell><![CDATA[Cement::Output::Hydrates::Weights]]></Cell>
								<Cell>
									<Check>True</Check>
									<Default>True</Default>
								</Cell>
								<Cell><![CDATA[]]></Cell>
								<Cell><![CDATA[]]></Cell>
								<Cell>
									<Text />
									<Default />
								</Cell>
							</Record>
							<Record>
								<ID><![CDATA[2024-03-14T6:52:5433]]></ID>
								<Visible>True</Visible>
								<Export>True</Export>
								<Cell><![CDATA[Cement::Output::Hydrates::SaturationIndex]]></Cell>
								<Cell>
									<Check>True</Check>
									<Default>True</Default>
								</Cell>
								<Cell><![CDATA[]]></Cell>
								<Cell><![CDATA[]]></Cell>
								<Cell>
									<Text />
									<Default />
								</Cell>
							</Record>
							<Record>
								<ID><![CDATA[2024-09-11T15:49:1634]]></ID>
								<Visible>True</Visible>
								<Export>True</Export>
								<Cell><![CDATA[Cement::Output::Hydrates::Heat]]></Cell>
								<Cell>
									<Check>True</Check>
									<Default>True</Default>
								</Cell>
								<Cell><![CDATA[]]></Cell>
								<Cell><![CDATA[]]></Cell>
								<Cell>
									<Text />
									<Default />
								</Cell>
							</Record>
							<Record>
								<ID><![CDATA[2024-09-11T17:01:4845]]></ID>
								<Visible>True</Visible>
								<Export>True</Export>
								<Cell><![CDATA[Cement::Output::Hydrates::CumHeat]]></Cell>
								<Cell>
									<Check>True</Check>
									<Default>True</Default>
								</Cell>
								<Cell><![CDATA[]]></Cell>
								<Cell><![CDATA[]]></Cell>
								<Cell>
									<Text />
									<Default />
								</Cell>
							</Record>
							<Record>
								<ID><![CDATA[2025-01-14T12:33:4826]]></ID>
								<Visible>True</Visible>
								<Export>True</Export>
								<Cell><![CDATA[Cement::Output::Hydration::HydrationDegree]]></Cell>
								<Cell>
									<Check>True</Check>
									<Default>True</Default>
								</Cell>
								<Cell><![CDATA[]]></Cell>
								<Cell><![CDATA[]]></Cell>
								<Cell>
									<Text />
									<Default />
								</Cell>
							</Record>
						</Records>
					</Group>
					<Group>
						<Name>Output - Figures - General<Visible>True</Visible>
							<ReadOnly>False</ReadOnly>
						</Name>
						<Heading>
							<Visible>False</Visible>
							<ReadOnly>False</ReadOnly>
						</Heading>
						<ToolTip>
							<Visible>False</Visible>
							<ReadOnly>False</ReadOnly>
						</ToolTip>
						<Visible>True</Visible>
						<Export>True</Export>
						<Columns>
							<Column>
								<Name>Name<Visible>False</Visible>
									<ReadOnly>False</ReadOnly>
								</Name>
								<Visible>True</Visible>
								<Export>True</Export>
								<ReadOnly>True</ReadOnly>
								<VariableNaming>True</VariableNaming>
								<HeadingNaming>False</HeadingNaming>
								<Note>False</Note>
							</Column>
							<Column>
								<Name>Value<Visible>False</Visible>
									<ReadOnly>False</ReadOnly>
								</Name>
								<Visible>True</Visible>
								<Export>True</Export>
								<ReadOnly>False</ReadOnly>
								<VariableNaming>False</VariableNaming>
								<HeadingNaming>False</HeadingNaming>
								<Note>False</Note>
							</Column>
							<Column>
								<Name>Unit<Visible>False</Visible>
									<ReadOnly>False</ReadOnly>
								</Name>
								<Visible>True</Visible>
								<Export>True</Export>
								<ReadOnly>True</ReadOnly>
								<VariableNaming>False</VariableNaming>
								<HeadingNaming>False</HeadingNaming>
								<Note>False</Note>
							</Column>
							<Column>
								<Name>Description<Visible>False</Visible>
									<ReadOnly>False</ReadOnly>
								</Name>
								<Visible>True</Visible>
								<Export>True</Export>
								<ReadOnly>True</ReadOnly>
								<VariableNaming>False</VariableNaming>
								<HeadingNaming>False</HeadingNaming>
								<Note>False</Note>
							</Column>
							<Column>
								<Name>Note<Visible>False</Visible>
									<ReadOnly>False</ReadOnly>
								</Name>
								<Visible>True</Visible>
								<Export>True</Export>
								<ReadOnly>False</ReadOnly>
								<VariableNaming>False</VariableNaming>
								<HeadingNaming>False</HeadingNaming>
								<Note>True</Note>
							</Column>
						</Columns>
						<Records>
							<Record>
								<ID><![CDATA[2024-03-14T8:20:5940]]></ID>
								<Visible>True</Visible>
								<Export>True</Export>
								<Cell><![CDATA[Cement::Figures]]></Cell>
								<Cell>
									<Check>True</Check>
									<Default>True</Default>
								</Cell>
								<Cell><![CDATA[]]></Cell>
								<Cell><![CDATA[]]></Cell>
								<Cell>
									<Text />
									<Default />
								</Cell>
							</Record>
							<Record>
								<ID><![CDATA[2024-03-14T13:40:41153]]></ID>
								<Visible>True</Visible>
								<Export>True</Export>
								<Cell><![CDATA[Cement::Figures::X::Reverse]]></Cell>
								<Cell>
									<Check>False</Check>
									<Default>False</Default>
								</Cell>
								<Cell><![CDATA[]]></Cell>
								<Cell><![CDATA[]]></Cell>
								<Cell>
									<Text />
									<Default />
								</Cell>
							</Record>
							<Record>
								<ID><![CDATA[2024-03-17T8:27:3846]]></ID>
								<Visible>True</Visible>
								<Export>True</Export>
								<Cell><![CDATA[Cement::Figures::Y::Grid$]]></Cell>
								<Cell>
									<Text>
										<List>
											<Item>None<Visible>True</Visible>
												<ReadOnly>True</ReadOnly>
												<Tag0 />
											</Item>
											<Item>Major<Visible>True</Visible>
												<ReadOnly>True</ReadOnly>
												<Tag0 />
											</Item>
											<Item>Both<Visible>True</Visible>
												<ReadOnly>True</ReadOnly>
												<Tag0 />
											</Item>
											<Item>Major Log<Visible>True</Visible>
												<ReadOnly>True</ReadOnly>
												<Tag0 />
											</Item>
											<Item>Both Log<Visible>True</Visible>
												<ReadOnly>True</ReadOnly>
												<Tag0 />
											</Item>
											<Default>1</Default>
											<Dynamic>False</Dynamic>
										</List>
									</Text>
								</Cell>
								<Cell><![CDATA[]]></Cell>
								<Cell><![CDATA[]]></Cell>
								<Cell>
									<Text />
									<Default />
								</Cell>
							</Record>
						</Records>
					</Group>
					<Group>
						<Name>Output - Figures - Plots<Visible>True</Visible>
							<ReadOnly>False</ReadOnly>
						</Name>
						<Heading>
							<Visible>False</Visible>
							<ReadOnly>False</ReadOnly>
						</Heading>
						<ToolTip>
							<Visible>False</Visible>
							<ReadOnly>False</ReadOnly>
						</ToolTip>
						<Visible>True</Visible>
						<Export>True</Export>
						<Columns>
							<Column>
								<Name>Name<Visible>False</Visible>
									<ReadOnly>False</ReadOnly>
								</Name>
								<Visible>True</Visible>
								<Export>True</Export>
								<ReadOnly>True</ReadOnly>
								<VariableNaming>True</VariableNaming>
								<HeadingNaming>False</HeadingNaming>
								<Note>False</Note>
							</Column>
							<Column>
								<Name>Value<Visible>False</Visible>
									<ReadOnly>False</ReadOnly>
								</Name>
								<Visible>True</Visible>
								<Export>True</Export>
								<ReadOnly>False</ReadOnly>
								<VariableNaming>False</VariableNaming>
								<HeadingNaming>False</HeadingNaming>
								<Note>False</Note>
							</Column>
							<Column>
								<Name>Unit<Visible>False</Visible>
									<ReadOnly>False</ReadOnly>
								</Name>
								<Visible>True</Visible>
								<Export>True</Export>
								<ReadOnly>True</ReadOnly>
								<VariableNaming>False</VariableNaming>
								<HeadingNaming>False</HeadingNaming>
								<Note>False</Note>
							</Column>
							<Column>
								<Name>Description<Visible>False</Visible>
									<ReadOnly>False</ReadOnly>
								</Name>
								<Visible>True</Visible>
								<Export>True</Export>
								<ReadOnly>True</ReadOnly>
								<VariableNaming>False</VariableNaming>
								<HeadingNaming>False</HeadingNaming>
								<Note>False</Note>
							</Column>
							<Column>
								<Name>Note<Visible>False</Visible>
									<ReadOnly>False</ReadOnly>
								</Name>
								<Visible>True</Visible>
								<Export>True</Export>
								<ReadOnly>False</ReadOnly>
								<VariableNaming>False</VariableNaming>
								<HeadingNaming>False</HeadingNaming>
								<Note>True</Note>
							</Column>
						</Columns>
						<Records>
							<Record>
								<ID><![CDATA[2024-03-14T8:24:33100]]></ID>
								<Visible>True</Visible>
								<Export>True</Export>
								<Cell><![CDATA[Cement::Figures::pH]]></Cell>
								<Cell>
									<Check>True</Check>
									<Default>True</Default>
								</Cell>
								<Cell><![CDATA[]]></Cell>
								<Cell><![CDATA[]]></Cell>
								<Cell>
									<Text />
									<Default />
								</Cell>
							</Record>
							<Record>
								<ID><![CDATA[2024-03-17T9:10:19131]]></ID>
								<Visible>True</Visible>
								<Export>True</Export>
								<Cell><![CDATA[Cement::Figures::Water::Elements]]></Cell>
								<Cell>
									<Check>True</Check>
									<Default>True</Default>
								</Cell>
								<Cell><![CDATA[]]></Cell>
								<Cell><![CDATA[]]></Cell>
								<Cell>
									<Text />
									<Default />
								</Cell>
							</Record>
							<Record>
								<ID><![CDATA[2024-03-17T8:58:5871]]></ID>
								<Visible>True</Visible>
								<Export>True</Export>
								<Cell><![CDATA[Cement::Figures::Water::Elements::Unit$]]></Cell>
								<Cell>
									<Text>
										<List>
											<Item>Moles<Visible>True</Visible>
												<ReadOnly>True</ReadOnly>
												<Tag0 />
											</Item>
											<Item>Milligrams<Visible>True</Visible>
												<ReadOnly>True</ReadOnly>
												<Tag0 />
											</Item>
											<Item>Both<Visible>True</Visible>
												<ReadOnly>True</ReadOnly>
												<Tag0 />
											</Item>
											<Default>2</Default>
											<Dynamic>False</Dynamic>
										</List>
									</Text>
								</Cell>
								<Cell><![CDATA[]]></Cell>
								<Cell><![CDATA[]]></Cell>
								<Cell>
									<Text />
									<Default />
								</Cell>
							</Record>
							<Record>
								<ID><![CDATA[2024-03-18T21:56:3214]]></ID>
								<Visible>True</Visible>
								<Export>True</Export>
								<Cell><![CDATA[Cement::Figures::Water::Elements::ShowZero]]></Cell>
								<Cell>
									<Check>False</Check>
									<Default>False</Default>
								</Cell>
								<Cell><![CDATA[]]></Cell>
								<Cell><![CDATA[]]></Cell>
								<Cell>
									<Text />
									<Default />
								</Cell>
							</Record>
							<Record>
								<ID><![CDATA[2024-03-17T16:53:1154]]></ID>
								<Visible>True</Visible>
								<Export>True</Export>
								<Cell><![CDATA[Cement::Figures::Solids]]></Cell>
								<Cell>
									<Check>True</Check>
									<Default>True</Default>
								</Cell>
								<Cell><![CDATA[]]></Cell>
								<Cell><![CDATA[]]></Cell>
								<Cell>
									<Text />
									<Default />
								</Cell>
							</Record>
							<Record>
								<ID><![CDATA[2024-03-18T21:56:50111]]></ID>
								<Visible>True</Visible>
								<Export>True</Export>
								<Cell><![CDATA[Cement::Figures::Solids::ShowZero]]></Cell>
								<Cell>
									<Check>False</Check>
									<Default>False</Default>
								</Cell>
								<Cell><![CDATA[]]></Cell>
								<Cell><![CDATA[]]></Cell>
								<Cell>
									<Text />
									<Default />
								</Cell>
							</Record>
							<Record>
								<ID><![CDATA[2024-09-11T15:38:12112]]></ID>
								<Visible>True</Visible>
								<Export>True</Export>
								<Cell><![CDATA[Cement::Figures::Heat]]></Cell>
								<Cell>
									<Check>True</Check>
									<Default>True</Default>
								</Cell>
								<Cell><![CDATA[]]></Cell>
								<Cell><![CDATA[]]></Cell>
								<Cell>
									<Text />
									<Default />
								</Cell>
							</Record>
						</Records>
					</Group>
				</Groups>
			</Tab>
		</InputTable>
		<FolderWithNames>false</FolderWithNames>
		<Cases>
			<Case>
				<Name>B01</Name>
				<Description>Ca-Si - Allite 75%, Aluminate 25%</Description>
				<Id>2025-10-28T14-31-59_10</Id>
				<LastRun>2025-10-28 17:20:21</LastRun>
				<By>djacques</By>
				<When>2025-10-28 14:31:59</When>
				<Save>true</Save>
				<Run>false</Run>
				<Mode>100</Mode>
				<Parameter>
					<Id>2024-01-09T16:09:2510</Id>
					<Value>07-Ca Si Al S Mg C</Value>
				</Parameter>
				<Parameter>
					<Id>2024-01-18T7:15:2712</Id>
					<Value>s_s_nonideal</Value>
				</Parameter>
				<Parameter>
					<Id>2024-02-05T21:03:5313</Id>
					<Value>s_s_ideal</Value>
				</Parameter>
				<Parameter>
					<Id>2024-01-22T15:29:3113</Id>
					<Value>False</Value>
				</Parameter>
				<Parameter>
					<Id>2024-02-06T5:42:1915</Id>
					<Value>False</Value>
				</Parameter>
				<Parameter>
					<Id>2024-02-06T5:43:4636</Id>
					<Value>False</Value>
				</Parameter>
				<Parameter>
					<Id>2024-02-06T5:43:4837</Id>
					<Value>False</Value>
				</Parameter>
				<Parameter>
					<Id>2023-01-31T14:56:0110</Id>
					<Value>25</Value>
				</Parameter>
				<Parameter>
					<Id>2023-01-31T14:56:3011</Id>
					<Value>0.5</Value>
				</Parameter>
				<Parameter>
					<Id>2023-01-31T14:57:0012</Id>
					<Value>100</Value>
				</Parameter>
				<Parameter>
					<Id>2023-01-31T15:07:3970</Id>
					<Value>Alite-Aluminate</Value>
				</Parameter>
				<Parameter>
					<Id>2024-03-12T8:21:5431</Id>
					<Value>B_02</Value>
				</Parameter>
				<Parameter>
					<Id>2024-03-12T8:22:2132</Id>
					<Value>Taylor1989</Value>
				</Parameter>
				<Parameter>
					<Id>2024-03-12T8:21:4033</Id>
					<Value>B02</Value>
				</Parameter>
				<Parameter>
					<Id>2024-03-12T8:22:4534</Id>
					<Value>Taylor1989</Value>
				</Parameter>
				<Parameter>
					<Id>2023-01-31T14:58:4520</Id>
					<Value>100</Value>
				</Parameter>
				<Parameter>
					<Id>2023-03-03T13:36:5012</Id>
					<Value>3.1</Value>
				</Parameter>
				<Parameter>
					<Id>2024-03-12T8:29:0490</Id>
					<Value>416</Value>
				</Parameter>
				<Parameter>
					<Id>2024-03-12T8:29:4091</Id>
					<Value>250</Value>
				</Parameter>
				<Parameter>
					<Id>2024-03-12T8:35:48110</Id>
					<Value>P&amp;K</Value>
				</Parameter>
				<Parameter>
					<Id>2024-03-12T8:46:07161</Id>
					<Value>Par1984</Value>
				</Parameter>
				<Parameter>
					<Id>2024-03-12T11:38:2612</Id>
					<Value>Par1984</Value>
				</Parameter>
				<Parameter>
					<Id>2024-03-12T11:38:2713</Id>
					<Value>Par1984</Value>
				</Parameter>
				<Parameter>
					<Id>2024-03-12T11:38:2914</Id>
					<Value>GLO2020</Value>
				</Parameter>
				<Parameter>
					<Id>2024-03-14T5:43:3610</Id>
					<Value>True</Value>
				</Parameter>
				<Parameter>
					<Id>2024-03-14T5:43:0510</Id>
					<Value>True</Value>
				</Parameter>
				<Parameter>
					<Id>2024-03-14T5:43:2011</Id>
					<Value>True</Value>
				</Parameter>
				<Parameter>
					<Id>2024-03-14T6:52:5433</Id>
					<Value>True</Value>
				</Parameter>
				<Parameter>
					<Id>2024-09-11T15:49:1634</Id>
					<Value>True</Value>
				</Parameter>
				<Parameter>
					<Id>2024-09-11T17:01:4845</Id>
					<Value>True</Value>
				</Parameter>
				<Parameter>
					<Id>2025-01-14T12:33:4826</Id>
					<Value>True</Value>
				</Parameter>
				<Parameter>
					<Id>2024-03-14T8:20:5940</Id>
					<Value>True</Value>
				</Parameter>
				<Parameter>
					<Id>2024-03-14T13:40:41153</Id>
					<Value>False</Value>
				</Parameter>
				<Parameter>
					<Id>2024-03-17T8:27:3846</Id>
					<Value>Major</Value>
				</Parameter>
				<Parameter>
					<Id>2024-03-14T8:24:33100</Id>
					<Value>True</Value>
				</Parameter>
				<Parameter>
					<Id>2024-03-17T9:10:19131</Id>
					<Value>True</Value>
				</Parameter>
				<Parameter>
					<Id>2024-03-17T8:58:5871</Id>
					<Value>Both</Value>
				</Parameter>
				<Parameter>
					<Id>2024-03-18T21:56:3214</Id>
					<Value>False</Value>
				</Parameter>
				<Parameter>
					<Id>2024-03-17T16:53:1154</Id>
					<Value>True</Value>
				</Parameter>
				<Parameter>
					<Id>2024-03-18T21:56:50111</Id>
					<Value>False</Value>
				</Parameter>
				<Parameter>
					<Id>2024-09-11T15:38:12112</Id>
					<Value>True</Value>
				</Parameter>
			</Case>
		</Cases>
		<DataBlocks>
			<DataBlock>
				<Name>OPC_min</Name>
				<Description>Chemical composition of Ordinary Portland Cement in mineral amounts</Description>
				<Use>true</Use>
				<Import>true</Import>
				<RelPath>true</RelPath>
				<Folder>Data</Folder>
				<File>OPC_min.xml</File>
			</DataBlock>
			<DataBlock>
				<Name>OPC_alite</Name>
				<Description>Oxide composition of alite</Description>
				<Use>true</Use>
				<Import>true</Import>
				<RelPath>true</RelPath>
				<Folder>Data</Folder>
				<File>OPC_alite.xml</File>
			</DataBlock>
			<DataBlock>
				<Name>OPC_belite</Name>
				<Description>Oxide composition of belite</Description>
				<Use>true</Use>
				<Import>true</Import>
				<RelPath>true</RelPath>
				<Folder>Data</Folder>
				<File>OPC_bellite.xml</File>
			</DataBlock>
			<DataBlock>
				<Name>OPC_aluminate</Name>
				<Description>Oxide composition of aluminate</Description>
				<Use>true</Use>
				<Import>true</Import>
				<RelPath>true</RelPath>
				<Folder>Data</Folder>
				<File>OPC_aluminate.xml</File>
			</DataBlock>
			<DataBlock>
				<Name>OPC_ferrite</Name>
				<Description>Oxide composition of ferrite</Description>
				<Use>true</Use>
				<Import>true</Import>
				<RelPath>true</RelPath>
				<Folder>Data</Folder>
				<File>OPC_ferrite.xml</File>
			</DataBlock>
			<DataBlock>
				<Name>OPC_alite_PK</Name>
				<Description>Parameters for the Parrot-Killoch model for hydration of alite</Description>
				<Use>true</Use>
				<Import>true</Import>
				<RelPath>true</RelPath>
				<Folder>Data</Folder>
				<File>OPC_alite_PK.xml</File>
			</DataBlock>
			<DataBlock>
				<Name>OPC_belite_PK</Name>
				<Description>Parameters for the Parrot-Killoch model for hydration of belite</Description>
				<Use>true</Use>
				<Import>true</Import>
				<RelPath>true</RelPath>
				<Folder>Data</Folder>
				<File>OPC_belite_PK.xml</File>
			</DataBlock>
			<DataBlock>
				<Name>OPC_aluminate_PK</Name>
				<Description>Parameters for the Parrot-Killoch model for hydration of aluminate</Description>
				<Use>true</Use>
				<Import>true</Import>
				<RelPath>true</RelPath>
				<Folder>Data</Folder>
				<File>OPC_aluminate_PK.xml</File>
			</DataBlock>
			<DataBlock>
				<Name>OPC_ferrite_PK</Name>
				<Description>Parameters for the Parrot-Killoch model for hydration of ferrite</Description>
				<Use>true</Use>
				<Import>true</Import>
				<RelPath>true</RelPath>
				<Folder>Data</Folder>
				<File>OPC_ferrite_PK.xml</File>
			</DataBlock>
		</DataBlocks>
		<Transformations />
		<Counters />
	</GlobalDefinitions>
	<LastSettings>
		<Input>
			<Parameter>
				<Name>InputInsertOptionTextFormat</Name>
				<Value>True</Value>
			</Parameter>
			<Parameter>
				<Name>InputAutoCompletionAll</Name>
				<Value>True</Value>
			</Parameter>
			<Parameter>
				<Name>InputAutoCompletionNo</Name>
				<Value>False</Value>
			</Parameter>
			<Parameter>
				<Name>InputAutoCompletionPHREEQC</Name>
				<Value>False</Value>
			</Parameter>
			<Parameter>
				<Name>InputAutoCompletionPHREEQCKeywords</Name>
				<Value>False</Value>
			</Parameter>
			<Parameter>
				<Name>InputAutoCompletionPHREEQCIdentifiers</Name>
				<Value>False</Value>
			</Parameter>
			<Parameter>
				<Name>InputAutoCompletionPHREEQCScripting</Name>
				<Value>False</Value>
			</Parameter>
			<Parameter>
				<Name>InputAutoCompletionChemistry</Name>
				<Value>True</Value>
			</Parameter>
			<Parameter>
				<Name>InputAutoCompletionChemistryComponents</Name>
				<Value>False</Value>
			</Parameter>
			<Parameter>
				<Name>InputAutoCompletionChemistryAqSpecies</Name>
				<Value>False</Value>
			</Parameter>
			<Parameter>
				<Name>InputAutoCompletionChemistryExSpecies</Name>
				<Value>False</Value>
			</Parameter>
			<Parameter>
				<Name>InputAutoCompletionChemistrySurfSpecies</Name>
				<Value>False</Value>
			</Parameter>
			<Parameter>
				<Name>InputAutoCompletionChemistryPhases</Name>
				<Value>False</Value>
			</Parameter>
			<Parameter>
				<Name>InputAutoCompletionChemistryMinerals</Name>
				<Value>False</Value>
			</Parameter>
			<Parameter>
				<Name>InputAutoCompletionChemistryGases</Name>
				<Value>False</Value>
			</Parameter>
		</Input>
	</LastSettings>
</Project>
