<?xml version="1.0"?>
<General>
	<Source>HP1</Source>
	<Type>NOTRANSPORT</Type>
</General>
<GlobalVariables>
	<GlobalVariable>
		<Name>AmountWater</Name>
		<Type>0</Type>
		<Value>5.00000000e-02</Value>
	</GlobalVariable>
	<GlobalVariable>
		<Name>Cement::Clinker::Alite$</Name>
		<Type>1</Type>
		<Value>B_02</Value>
	</GlobalVariable>
	<GlobalVariable>
		<Name>Cement::Clinker::Aluminate$</Name>
		<Type>1</Type>
		<Value>B02</Value>
	</GlobalVariable>
	<GlobalVariable>
		<Name>Cement::Clinker::Amount</Name>
		<Type>0</Type>
		<Value>100</Value>
	</GlobalVariable>
	<GlobalVariable>
		<Name>Cement::Clinker::Belite$</Name>
		<Type>1</Type>
		<Value>Taylor1989</Value>
	</GlobalVariable>
	<GlobalVariable>
		<Name>Cement::Clinker::BulkDensity</Name>
		<Type>0</Type>
		<Value>3.1</Value>
	</GlobalVariable>
	<GlobalVariable>
		<Name>Cement::Clinker::Ferrite$</Name>
		<Type>1</Type>
		<Value>Taylor1989</Value>
	</GlobalVariable>
	<GlobalVariable>
		<Name>Cement::Clinker::Mineral::Reference$</Name>
		<Type>1</Type>
		<Value>Alite-Aluminate</Value>
	</GlobalVariable>
	<GlobalVariable>
		<Name>Cement::Composition::Clinker::Moles0</Name>
		<Type>0</Type>
		<Value>4.24962243e-01</Value>
	</GlobalVariable>
	<GlobalVariable>
		<Name>Cement::Composition::Clinker::Volume0</Name>
		<Type>0</Type>
		<Value>3.22580645e+01</Value>
	</GlobalVariable>
	<GlobalVariable>
		<Name>Cement::Composition::Clinker::Weight0</Name>
		<Type>0</Type>
		<Value>100</Value>
	</GlobalVariable>
	<GlobalVariable>
		<Name>Cement::Composition::Clinker::WeightTot0</Name>
		<Type>0</Type>
		<Value>150</Value>
	</GlobalVariable>
	<GlobalVariable>
		<Name>Cement::Composition::VolumeTot0</Name>
		<Type>0</Type>
		<Value>8.22580645e+01</Value>
	</GlobalVariable>
	<GlobalVariable>
		<Name>Cement::Figures</Name>
		<Type>0</Type>
		<Value>1</Value>
	</GlobalVariable>
	<GlobalVariable>
		<Name>Cement::Figures::Heat</Name>
		<Type>0</Type>
		<Value>1</Value>
	</GlobalVariable>
	<GlobalVariable>
		<Name>Cement::Figures::Lead$</Name>
		<Type>1</Type>
		<Value>time</Value>
	</GlobalVariable>
	<GlobalVariable>
		<Name>Cement::Figures::Solids</Name>
		<Type>0</Type>
		<Value>1</Value>
	</GlobalVariable>
	<GlobalVariable>
		<Name>Cement::Figures::Solids::ShowZero</Name>
		<Type>0</Type>
		<Value>0</Value>
	</GlobalVariable>
	<GlobalVariable>
		<Name>Cement::Figures::Water::Elements</Name>
		<Type>0</Type>
		<Value>1</Value>
	</GlobalVariable>
	<GlobalVariable>
		<Name>Cement::Figures::Water::Elements::ShowZero</Name>
		<Type>0</Type>
		<Value>0</Value>
	</GlobalVariable>
	<GlobalVariable>
		<Name>Cement::Figures::Water::Elements::Unit$</Name>
		<Type>1</Type>
		<Value>Both</Value>
	</GlobalVariable>
	<GlobalVariable>
		<Name>Cement::Figures::X::Reverse</Name>
		<Type>0</Type>
		<Value>0</Value>
	</GlobalVariable>
	<GlobalVariable>
		<Name>Cement::Figures::X::Title$</Name>
		<Type>1</Type>
		<Value>Time [d]</Value>
	</GlobalVariable>
	<GlobalVariable>
		<Name>Cement::Figures::Y::Grid$</Name>
		<Type>1</Type>
		<Value>Major</Value>
	</GlobalVariable>
	<GlobalVariable>
		<Name>Cement::Figures::pH</Name>
		<Type>0</Type>
		<Value>1</Value>
	</GlobalVariable>
	<GlobalVariable>
		<Name>Cement::Hydration::Alite::Par$</Name>
		<Type>1</Type>
		<Value>Par1984</Value>
	</GlobalVariable>
	<GlobalVariable>
		<Name>Cement::Hydration::Aluminate::Par$</Name>
		<Type>1</Type>
		<Value>Par1984</Value>
	</GlobalVariable>
	<GlobalVariable>
		<Name>Cement::Hydration::Belite::Par$</Name>
		<Type>1</Type>
		<Value>Par1984</Value>
	</GlobalVariable>
	<GlobalVariable>
		<Name>Cement::Hydration::Ferrite::Par$</Name>
		<Type>1</Type>
		<Value>GLO2020</Value>
	</GlobalVariable>
	<GlobalVariable>
		<Name>Cement::Hydration::Model$</Name>
		<Type>1</Type>
		<Value>P&amp;K</Value>
	</GlobalVariable>
	<GlobalVariable>
		<Name>Cement::Hydration::Steps</Name>
		<Type>0</Type>
		<Value>250</Value>
	</GlobalVariable>
	<GlobalVariable>
		<Name>Cement::Hydration::Time</Name>
		<Type>0</Type>
		<Value>416</Value>
	</GlobalVariable>
	<GlobalVariable>
		<Name>Cement::Model::AFT_s_s$</Name>
		<Type>1</Type>
		<Value>s_s_nonideal</Value>
	</GlobalVariable>
	<GlobalVariable>
		<Name>Cement::Model::MSH$</Name>
		<Type>1</Type>
		<Value>s_s_ideal</Value>
	</GlobalVariable>
	<GlobalVariable>
		<Name>Cement::Model::Monosulfoaluminate</Name>
		<Type>0</Type>
		<Value>0</Value>
	</GlobalVariable>
	<GlobalVariable>
		<Name>Cement::Model::System$</Name>
		<Type>1</Type>
		<Value>07-Ca Si Al S Mg C</Value>
	</GlobalVariable>
	<GlobalVariable>
		<Name>Cement::Model::Zeolites::Ca</Name>
		<Type>0</Type>
		<Value>0</Value>
	</GlobalVariable>
	<GlobalVariable>
		<Name>Cement::Model::Zeolites::K</Name>
		<Type>0</Type>
		<Value>0</Value>
	</GlobalVariable>
	<GlobalVariable>
		<Name>Cement::Model::Zeolites::Na</Name>
		<Type>0</Type>
		<Value>0</Value>
	</GlobalVariable>
	<GlobalVariable>
		<Name>Cement::Output::Hydrates::CumHeat</Name>
		<Type>0</Type>
		<Value>1</Value>
	</GlobalVariable>
	<GlobalVariable>
		<Name>Cement::Output::Hydrates::Heat</Name>
		<Type>0</Type>
		<Value>1</Value>
	</GlobalVariable>
	<GlobalVariable>
		<Name>Cement::Output::Hydrates::Moles</Name>
		<Type>0</Type>
		<Value>1</Value>
	</GlobalVariable>
	<GlobalVariable>
		<Name>Cement::Output::Hydrates::SaturationIndex</Name>
		<Type>0</Type>
		<Value>1</Value>
	</GlobalVariable>
	<GlobalVariable>
		<Name>Cement::Output::Hydrates::Volumes</Name>
		<Type>0</Type>
		<Value>1</Value>
	</GlobalVariable>
	<GlobalVariable>
		<Name>Cement::Output::Hydrates::Weights</Name>
		<Type>0</Type>
		<Value>1</Value>
	</GlobalVariable>
	<GlobalVariable>
		<Name>Cement::Output::Hydration::HydrationDegree</Name>
		<Type>0</Type>
		<Value>1</Value>
	</GlobalVariable>
	<GlobalVariable>
		<Name>Cement::Recipe::Amount</Name>
		<Type>0</Type>
		<Value>100</Value>
	</GlobalVariable>
	<GlobalVariable>
		<Name>Cement::Recipe::T</Name>
		<Type>0</Type>
		<Value>25</Value>
	</GlobalVariable>
	<GlobalVariable>
		<Name>Cement::Recipe::w_c</Name>
		<Type>0</Type>
		<Value>0.5</Value>
	</GlobalVariable>
	<GlobalVariable>
		<Name>Cement::_hydration</Name>
		<Type>0</Type>
		<Value>1</Value>
	</GlobalVariable>
	<GlobalVariable>
		<Name>FA::BulkDensity</Name>
		<Type>0</Type>
		<Value>-1</Value>
	</GlobalVariable>
	<GlobalVariable>
		<Name>GBFS::BulkDensity</Name>
		<Type>0</Type>
		<Value>-1</Value>
	</GlobalVariable>
	<GlobalVariable>
		<Name>LS::BulkDensity</Name>
		<Type>0</Type>
		<Value>-1</Value>
	</GlobalVariable>
	<GlobalVariable>
		<Name>MK::BulkDensity</Name>
		<Type>0</Type>
		<Value>-1</Value>
	</GlobalVariable>
	<GlobalVariable>
		<Name>Output::Elements</Name>
		<Type>1</Type>
		<Value>Ca Si Al S Mg C </Value>
	</GlobalVariable>
	<GlobalVariable>
		<Name>Output::HeatKin</Name>
		<Type>1</Type>
		<Value>hOPCAlite chOPCAlite hOPCBelite chOPCBelite hOPCAluminate chOPCAluminate hOPCFerrite chOPCFerrite </Value>
	</GlobalVariable>
	<GlobalVariable>
		<Name>Output::HeatPhases</Name>
		<Type>1</Type>
		<Value> hPortlandite chPortlandite hAmor-Sl chAmor-Sl hAnh chAnh hBrc chBrc hC4AH19 chC4AH19 hCal chCal hGp chGp hHemicarbonate chHemicarbonate hhemihydrate chhemihydrate hHydrotalcite chHydrotalcite hMonocarbonate chMonocarbonate hMonosulphate16 chMonosulphate16 hStraetlingite chStraetlingite </Value>
	</GlobalVariable>
	<GlobalVariable>
		<Name>Output::HeatSolSol</Name>
		<Type>1</Type>
		<Value>hCSHQ-JenD chCSHQ-JenD hCSHQ-JenH chCSHQ-JenH hCSHQ-TobD chCSHQ-TobD hCSHQ-TobH chCSHQ-TobH hM075SH chM075SH hM15SH chM15SH hEttringite03_ss chEttringite03_ss hTricarboalu03 chTricarboalu03 </Value>
	</GlobalVariable>
	<GlobalVariable>
		<Name>Output::HeatSums</Name>
		<Type>1</Type>
		<Value>hHydrates hCement  hTotal chHydrates chCement  chTotal</Value>
	</GlobalVariable>
	<GlobalVariable>
		<Name>Output::HydrationDegree</Name>
		<Type>1</Type>
		<Value>hdOPCAlite hdOPCBelite hdOPCAluminate hdOPCFerrite hdTotal</Value>
	</GlobalVariable>
	<GlobalVariable>
		<Name>Output::InitialVolume</Name>
		<Type>0</Type>
		<Value>901</Value>
	</GlobalVariable>
	<GlobalVariable>
		<Name>Output::Kinetics</Name>
		<Type>1</Type>
		<Value>OPCAlite OPCBelite OPCAluminate OPCFerrite </Value>
	</GlobalVariable>
	<GlobalVariable>
		<Name>Output::Kineticsh</Name>
		<Type>1</Type>
		<Value>OPCAlite OPCBelite OPCAluminate OPCFerrite  vOPCAlite vOPCBelite vOPCAluminate vOPCFerrite  wOPCAlite wOPCBelite wOPCAluminate wOPCFerrite  hOPCAlite chOPCAlite hOPCBelite chOPCBelite hOPCAluminate chOPCAluminate hOPCFerrite chOPCFerrite  
</Value>
	</GlobalVariable>
	<GlobalVariable>
		<Name>Output::Kineticsv</Name>
		<Type>1</Type>
		<Value>vOPCAlite vOPCBelite vOPCAluminate vOPCFerrite </Value>
	</GlobalVariable>
	<GlobalVariable>
		<Name>Output::Kineticsw</Name>
		<Type>1</Type>
		<Value>wOPCAlite wOPCBelite wOPCAluminate wOPCFerrite </Value>
	</GlobalVariable>
	<GlobalVariable>
		<Name>Output::Oxides</Name>
		<Type>1</Type>
		<Value>CaO SiO2 Al2O3 SO3 MgO CO2 </Value>
	</GlobalVariable>
	<GlobalVariable>
		<Name>Output::Phases</Name>
		<Type>1</Type>
		<Value>Portlandite Amor-Sl Anh Brc C4AH19 Cal Gp Hemicarbonate hemihydrate Hydrotalcite Monocarbonate Monosulphate16 Straetlingite </Value>
	</GlobalVariable>
	<GlobalVariable>
		<Name>Output::Phasessi</Name>
		<Type>1</Type>
		<Value> siPortlandite siAmor-Sl siAnh siBrc siC4AH19 siCal siGp siHemicarbonate sihemihydrate siHydrotalcite siMonocarbonate siMonosulphate16 siStraetlingite </Value>
	</GlobalVariable>
	<GlobalVariable>
		<Name>Output::Phasesv</Name>
		<Type>1</Type>
		<Value>vPortlandite vAmor-Sl vAnh vBrc vC4AH19 vCal vGp vHemicarbonate vhemihydrate vHydrotalcite vMonocarbonate vMonosulphate16 vStraetlingite </Value>
	</GlobalVariable>
	<GlobalVariable>
		<Name>Output::Phasesw</Name>
		<Type>1</Type>
		<Value>wPortlandite wAmor-Sl wAnh wBrc wC4AH19 wCal wGp wHemicarbonate whemihydrate wHydrotalcite wMonocarbonate wMonosulphate16 wStraetlingite </Value>
	</GlobalVariable>
	<GlobalVariable>
		<Name>Output::SolidSolutions</Name>
		<Type>1</Type>
		<Value>CSHQ-JenD CSHQ-JenH CSHQ-TobD CSHQ-TobH M075SH M15SH Ettringite03_ss Tricarboalu03 </Value>
	</GlobalVariable>
	<GlobalVariable>
		<Name>Output::SolidSolutionsComp</Name>
		<Type>1</Type>
		<Value>CSH MSH AFT </Value>
	</GlobalVariable>
	<GlobalVariable>
		<Name>Output::SolidSolutionsCompv</Name>
		<Type>1</Type>
		<Value>vCSH vMSH vAFT </Value>
	</GlobalVariable>
	<GlobalVariable>
		<Name>Output::SolidSolutionsCompw</Name>
		<Type>1</Type>
		<Value>wCSH wMSH wAFT </Value>
	</GlobalVariable>
	<GlobalVariable>
		<Name>Output::SolidSolutionsv</Name>
		<Type>1</Type>
		<Value>vCSHQ-JenD vCSHQ-JenH vCSHQ-TobD vCSHQ-TobH vM075SH vM15SH vEttringite03_ss vTricarboalu03 </Value>
	</GlobalVariable>
	<GlobalVariable>
		<Name>Output::SolidSolutionsw</Name>
		<Type>1</Type>
		<Value>wCSHQ-JenD wCSHQ-JenH wCSHQ-TobD wCSHQ-TobH wM075SH wM15SH wEttringite03_ss wTricarboalu03 </Value>
	</GlobalVariable>
	<GlobalVariable>
		<Name>Output::Zeolites</Name>
		<Type>1</Type>
		<Value> </Value>
	</GlobalVariable>
	<GlobalVariable>
		<Name>SF::BulkDensity</Name>
		<Type>0</Type>
		<Value>-1</Value>
	</GlobalVariable>
	<GlobalVariable>
		<Name>_CASEDIRECTORY$</Name>
		<Type>1</Type>
		<Value>C:\Users\djacques\OneDrive - Studiecentrum voor Kernenergie\Documents\PC-Progress\HYDRUS 5.x\Projects\00_Tutorial Cement\20_geochemical-models\02_Benchmarks_Hydration_11_Alite-Aluminate</Value>
	</GlobalVariable>
	<GlobalVariable>
		<Name>_CASENAME$</Name>
		<Type>1</Type>
		<Value>B01</Value>
	</GlobalVariable>
	<GlobalVariable>
		<Name>_DATABASE$</Name>
		<Type>1</Type>
		<Value>C:\Users\djacques\OneDrive - Studiecentrum voor Kernenergie\Documents\PC-Progress\HYDRUS 5.x\Projects\00_Tutorial Cement\10_database\_CEMDATA_CEMDATA18-31-03-2022-phaseVol.dat</Value>
	</GlobalVariable>
	<GlobalVariable>
		<Name>_DATABASENAME$</Name>
		<Type>1</Type>
		<Value>_CEMDATA_CEMDATA18-31-03-2022-phaseVol.dat</Value>
	</GlobalVariable>
	<GlobalVariable>
		<Name>_DATE$</Name>
		<Type>1</Type>
		<Value>2025-010-29</Value>
	</GlobalVariable>
	<GlobalVariable>
		<Name>_DIMENSION</Name>
		<Type>0</Type>
		<Value>0</Value>
	</GlobalVariable>
	<GlobalVariable>
		<Name>_Equilibrium$</Name>
		<Type>1</Type>
		<Value>ModuleCement_CementHydration_Equilibrium_02_CD.hps</Value>
	</GlobalVariable>
	<GlobalVariable>
		<Name>_HPVERSION$</Name>
		<Type>1</Type>
		<Value>-3.03.006</Value>
	</GlobalVariable>
	<GlobalVariable>
		<Name>_InitialHeatProduction</Name>
		<Type>0</Type>
		<Value>0</Value>
	</GlobalVariable>
	<GlobalVariable>
		<Name>_Managed$</Name>
		<Type>1</Type>
		<Value>C:/Users/djacques/OneDrive - Studiecentrum voor Kernenergie/Documents/PC-Progress/HYDRUS 5.x/Projects/00_Tutorial Cement/</Value>
	</GlobalVariable>
	<GlobalVariable>
		<Name>_Output$</Name>
		<Type>1</Type>
		<Value>ModuleCement_CementHydration_Output_02_CD.hpi</Value>
	</GlobalVariable>
	<GlobalVariable>
		<Name>_PHREEQCVERSION$</Name>
		<Type>1</Type>
		<Value>PHREEQC-3.8.2</Value>
	</GlobalVariable>
	<GlobalVariable>
		<Name>_PROJECTDIR$</Name>
		<Type>1</Type>
		<Value>C:\Users\djacques\OneDrive - Studiecentrum voor Kernenergie\Documents\PC-Progress\HYDRUS 5.x\Projects\00_Tutorial Cement\20_geochemical-models\02_Benchmarks_Hydration_11_Alite-Aluminate</Value>
	</GlobalVariable>
	<GlobalVariable>
		<Name>_PROJECTGROUPDIR$</Name>
		<Type>1</Type>
		<Value>C:/Users/djacques/OneDrive - Studiecentrum voor Kernenergie/Documents/PC-Progress/HYDRUS 5.x/Projects/00_Tutorial Cement</Value>
	</GlobalVariable>
	<GlobalVariable>
		<Name>_PROJECTGROUPNAME$</Name>
		<Type>1</Type>
		<Value>00_Tutorial Cement</Value>
	</GlobalVariable>
	<GlobalVariable>
		<Name>_PROJECTNAME$</Name>
		<Type>1</Type>
		<Value>02_Benchmarks_Hydration_11_Alite-Aluminate</Value>
	</GlobalVariable>
	<GlobalVariable>
		<Name>_PhaseName$</Name>
		<Type>1</Type>
		<Value>Phases_CD</Value>
	</GlobalVariable>
	<GlobalVariable>
		<Name>_ReadCementModels</Name>
		<Type>0</Type>
		<Value>1</Value>
	</GlobalVariable>
	<GlobalVariable>
		<Name>_TIME$</Name>
		<Type>1</Type>
		<Value>09:23:00</Value>
	</GlobalVariable>
	<GlobalVariable>
		<Name>_leadnr</Name>
		<Type>0</Type>
		<Value>0</Value>
	</GlobalVariable>
	<GlobalVariable>
		<Name>_readcementmodel$</Name>
		<Type>1</Type>
		<Value> </Value>
	</GlobalVariable>
	<GlobalVariable>
		<Name>_timestep</Name>
		<Type>0</Type>
		<Value>4.16001029e+02</Value>
	</GlobalVariable>
	<GlobalVariable>
		<Name>cCumCement</Name>
		<Type>0</Type>
		<Value>1.82920140e+02</Value>
	</GlobalVariable>
	<GlobalVariable>
		<Name>cCumHydrates</Name>
		<Type>0</Type>
		<Value>-1.29765985e+02</Value>
	</GlobalVariable>
	<GlobalVariable>
		<Name>cCumQAmor-Sl</Name>
		<Type>0</Type>
		<Value>0</Value>
	</GlobalVariable>
	<GlobalVariable>
		<Name>cCumQAnh</Name>
		<Type>0</Type>
		<Value>0</Value>
	</GlobalVariable>
	<GlobalVariable>
		<Name>cCumQBrc</Name>
		<Type>0</Type>
		<Value>0</Value>
	</GlobalVariable>
	<GlobalVariable>
		<Name>cCumQC4AH19</Name>
		<Type>0</Type>
		<Value>0</Value>
	</GlobalVariable>
	<GlobalVariable>
		<Name>cCumQCSHQ-JenD</Name>
		<Type>0</Type>
		<Value>-2.01696052e+01</Value>
	</GlobalVariable>
	<GlobalVariable>
		<Name>cCumQCSHQ-JenH</Name>
		<Type>0</Type>
		<Value>-9.53646212e+00</Value>
	</GlobalVariable>
	<GlobalVariable>
		<Name>cCumQCSHQ-TobD</Name>
		<Type>0</Type>
		<Value>-6.55235717e+00</Value>
	</GlobalVariable>
	<GlobalVariable>
		<Name>cCumQCSHQ-TobH</Name>
		<Type>0</Type>
		<Value>-1.23684400e-01</Value>
	</GlobalVariable>
	<GlobalVariable>
		<Name>cCumQCal</Name>
		<Type>0</Type>
		<Value>0</Value>
	</GlobalVariable>
	<GlobalVariable>
		<Name>cCumQEttringite03_ss</Name>
		<Type>0</Type>
		<Value>0</Value>
	</GlobalVariable>
	<GlobalVariable>
		<Name>cCumQGp</Name>
		<Type>0</Type>
		<Value>0</Value>
	</GlobalVariable>
	<GlobalVariable>
		<Name>cCumQHemicarbonate</Name>
		<Type>0</Type>
		<Value>0</Value>
	</GlobalVariable>
	<GlobalVariable>
		<Name>cCumQHydrotalcite</Name>
		<Type>0</Type>
		<Value>0</Value>
	</GlobalVariable>
	<GlobalVariable>
		<Name>cCumQM075SH</Name>
		<Type>0</Type>
		<Value>0</Value>
	</GlobalVariable>
	<GlobalVariable>
		<Name>cCumQM15SH</Name>
		<Type>0</Type>
		<Value>0</Value>
	</GlobalVariable>
	<GlobalVariable>
		<Name>cCumQMonocarbonate</Name>
		<Type>0</Type>
		<Value>0</Value>
	</GlobalVariable>
	<GlobalVariable>
		<Name>cCumQMonosulphate16</Name>
		<Type>0</Type>
		<Value>0</Value>
	</GlobalVariable>
	<GlobalVariable>
		<Name>cCumQOPCAlite</Name>
		<Type>0</Type>
		<Value>1.48411072e+02</Value>
	</GlobalVariable>
	<GlobalVariable>
		<Name>cCumQOPCAluminate</Name>
		<Type>0</Type>
		<Value>3.45090680e+01</Value>
	</GlobalVariable>
	<GlobalVariable>
		<Name>cCumQOPCBelite</Name>
		<Type>0</Type>
		<Value>0</Value>
	</GlobalVariable>
	<GlobalVariable>
		<Name>cCumQOPCFerrite</Name>
		<Type>0</Type>
		<Value>0</Value>
	</GlobalVariable>
	<GlobalVariable>
		<Name>cCumQPortlandite</Name>
		<Type>0</Type>
		<Value>-9.09073834e+01</Value>
	</GlobalVariable>
	<GlobalVariable>
		<Name>cCumQStraetlingite</Name>
		<Type>0</Type>
		<Value>-2.47649310e+00</Value>
	</GlobalVariable>
	<GlobalVariable>
		<Name>cCumQTricarboalu03</Name>
		<Type>0</Type>
		<Value>0</Value>
	</GlobalVariable>
	<GlobalVariable>
		<Name>cCumQhemihydrate</Name>
		<Type>0</Type>
		<Value>0</Value>
	</GlobalVariable>
	<GlobalVariable>
		<Name>nrAFT</Name>
		<Type>0</Type>
		<Value>760</Value>
	</GlobalVariable>
	<GlobalVariable>
		<Name>nrAFm0_5CO3</Name>
		<Type>0</Type>
		<Value>790</Value>
	</GlobalVariable>
	<GlobalVariable>
		<Name>nrAFmCO3</Name>
		<Type>0</Type>
		<Value>770</Value>
	</GlobalVariable>
	<GlobalVariable>
		<Name>nrAFmNO3</Name>
		<Type>0</Type>
		<Value>850</Value>
	</GlobalVariable>
	<GlobalVariable>
		<Name>nrAFmSO4</Name>
		<Type>0</Type>
		<Value>791</Value>
	</GlobalVariable>
	<GlobalVariable>
		<Name>nrCSH</Name>
		<Type>0</Type>
		<Value>801</Value>
	</GlobalVariable>
	<GlobalVariable>
		<Name>nrCalcite</Name>
		<Type>0</Type>
		<Value>750</Value>
	</GlobalVariable>
	<GlobalVariable>
		<Name>nrCapWat</Name>
		<Type>0</Type>
		<Value>500</Value>
	</GlobalVariable>
	<GlobalVariable>
		<Name>nrFAAl2O3</Name>
		<Type>0</Type>
		<Value>913</Value>
	</GlobalVariable>
	<GlobalVariable>
		<Name>nrFACaO</Name>
		<Type>0</Type>
		<Value>914</Value>
	</GlobalVariable>
	<GlobalVariable>
		<Name>nrFASiO2</Name>
		<Type>0</Type>
		<Value>912</Value>
	</GlobalVariable>
	<GlobalVariable>
		<Name>nrHydrogarnetFe</Name>
		<Type>0</Type>
		<Value>820</Value>
	</GlobalVariable>
	<GlobalVariable>
		<Name>nrHydrotalcite</Name>
		<Type>0</Type>
		<Value>780</Value>
	</GlobalVariable>
	<GlobalVariable>
		<Name>nrOPCAlite</Name>
		<Type>0</Type>
		<Value>901</Value>
	</GlobalVariable>
	<GlobalVariable>
		<Name>nrOPCAlitehd</Name>
		<Type>0</Type>
		<Value>750</Value>
	</GlobalVariable>
	<GlobalVariable>
		<Name>nrOPCAluminate</Name>
		<Type>0</Type>
		<Value>903</Value>
	</GlobalVariable>
	<GlobalVariable>
		<Name>nrOPCAluminatehd</Name>
		<Type>0</Type>
		<Value>760</Value>
	</GlobalVariable>
	<GlobalVariable>
		<Name>nrOPCBelite</Name>
		<Type>0</Type>
		<Value>902</Value>
	</GlobalVariable>
	<GlobalVariable>
		<Name>nrOPCBelitehd</Name>
		<Type>0</Type>
		<Value>751</Value>
	</GlobalVariable>
	<GlobalVariable>
		<Name>nrOPCFerrite</Name>
		<Type>0</Type>
		<Value>904</Value>
	</GlobalVariable>
	<GlobalVariable>
		<Name>nrOPCFerritehd</Name>
		<Type>0</Type>
		<Value>770</Value>
	</GlobalVariable>
	<GlobalVariable>
		<Name>nrOPCTotal</Name>
		<Type>0</Type>
		<Value>906</Value>
	</GlobalVariable>
	<GlobalVariable>
		<Name>nrOPCTotalhd</Name>
		<Type>0</Type>
		<Value>780</Value>
	</GlobalVariable>
	<GlobalVariable>
		<Name>nrPortlandite</Name>
		<Type>0</Type>
		<Value>751</Value>
	</GlobalVariable>
	<GlobalVariable>
		<Name>nrStratlingite</Name>
		<Type>0</Type>
		<Value>771</Value>
	</GlobalVariable>
	<GlobalVariable>
		<Name>nraggvol</Name>
		<Type>0</Type>
		<Value>1050</Value>
	</GlobalVariable>
	<GlobalVariable>
		<Name>nrcapwater</Name>
		<Type>0</Type>
		<Value>500</Value>
	</GlobalVariable>
	<GlobalVariable>
		<Name>nrcemvol</Name>
		<Type>0</Type>
		<Value>900</Value>
	</GlobalVariable>
	<GlobalVariable>
		<Name>nrchemshrink</Name>
		<Type>0</Type>
		<Value>904</Value>
	</GlobalVariable>
	<GlobalVariable>
		<Name>nrgelwater</Name>
		<Type>0</Type>
		<Value>501</Value>
	</GlobalVariable>
	<GlobalVariable>
		<Name>nrhydratesvol</Name>
		<Type>0</Type>
		<Value>1001</Value>
	</GlobalVariable>
	<GlobalVariable>
		<Name>nrpH</Name>
		<Type>0</Type>
		<Value>300</Value>
	</GlobalVariable>
</GlobalVariables>
<Selected_Output_map>
	<Selected_Output>
		<Number>1</Number>
		<FileName>CementHydrationResults.out</FileName>
		<Directory>project</Directory>
		<DataBlocks>
			<Label><![CDATA[EMPTY]]></Label>
		</DataBlocks>
	</Selected_Output>
</Selected_Output_map>
<SelectedGraph_map>
	<Selected_Graph>
		<Number>1</Number>
		<Graphs>
			<Graph>
				<Type>84523</Type>
				<ID>1</ID>
				<Export>false</Export>
				<General>
					<Group>Default</Group>
					<VariableType>Water chemistry</VariableType>
					<Name>pH</Name>
					<Type>XY</Type>
					<ShowZeroes>true</ShowZeroes>
				</General>
				<Curves>
					<Curve>
						<Order>0</Order>
						<UsingX>Lead</UsingX>
						<UsingY>pH</UsingY>
						<Axis>x1y1</Axis>
						<Index>0</Index>
						<Title>pH<Show>true</Show>
						</Title>
						<Style>lines</Style>
						<Linestyle>300</Linestyle>
					</Curve>
				</Curves>
				<Axes>
					<Axis>
						<Type>4560</Type>
						<Label>Time [d]</Label>
					</Axis>
					<Axis>
						<Type>4561</Type>
						<Label>pH</Label>
					</Axis>
					<Axis>
						<Type>4562</Type>
						<Label></Label>
					</Axis>
					<Axis>
						<Type>4563</Type>
						<Label></Label>
					</Axis>
				</Axes>
				<Gnuplot>
					<CommandsSource><![CDATA[load 'C:/Users/djacques/OneDrive - Studiecentrum voor Kernenergie/Documents/PC-Progress/HYDRUS 5.x/Projects/00_Tutorial Cement/12_modules/ModuleCementFigures\00_Definitions_01_colors.plt'
    unset key
]]></CommandsSource>
				</Gnuplot>
				<Variants>
					<Variant>
						<Name><![CDATA[per hour]]></Name>
						<Axis><![CDATA[x]]></Axis>
						<Transform><![CDATA[_THIS * 24]]></Transform>
						<Unit><![CDATA[Time [hour]]]></Unit>
						<Default>false</Default>
					</Variant>
				</Variants>
			</Graph>
			<Graph>
				<Type>84523</Type>
				<ID>2</ID>
				<Export>false</Export>
				<General>
					<Group>Default</Group>
					<VariableType>Water chemistry</VariableType>
					<Name>Elements - M</Name>
					<Type>XY</Type>
					<ShowZeroes>false</ShowZeroes>
				</General>
				<Curves>
					<Curve>
						<Order>0</Order>
						<UsingX>Lead</UsingX>
						<UsingY>Ca</UsingY>
						<Axis>x1y1</Axis>
						<Index>0</Index>
						<Title>Ca<Show>true</Show>
						</Title>
					</Curve>
					<Curve>
						<Order>1</Order>
						<UsingX>Lead</UsingX>
						<UsingY>Si</UsingY>
						<Axis>x1y1</Axis>
						<Index>0</Index>
						<Title>Si<Show>true</Show>
						</Title>
					</Curve>
					<Curve>
						<Order>2</Order>
						<UsingX>Lead</UsingX>
						<UsingY>Al</UsingY>
						<Axis>x1y1</Axis>
						<Index>0</Index>
						<Title>Al<Show>true</Show>
						</Title>
					</Curve>
					<Curve>
						<Order>3</Order>
						<UsingX>Lead</UsingX>
						<UsingY>S</UsingY>
						<Axis>x1y1</Axis>
						<Index>0</Index>
						<Title>S<Show>true</Show>
						</Title>
					</Curve>
					<Curve>
						<Order>4</Order>
						<UsingX>Lead</UsingX>
						<UsingY>Mg</UsingY>
						<Axis>x1y1</Axis>
						<Index>0</Index>
						<Title>Mg<Show>true</Show>
						</Title>
					</Curve>
					<Curve>
						<Order>5</Order>
						<UsingX>Lead</UsingX>
						<UsingY>C</UsingY>
						<Axis>x1y1</Axis>
						<Index>0</Index>
						<Title>C<Show>true</Show>
						</Title>
					</Curve>
				</Curves>
				<Axes>
					<Axis>
						<Type>4560</Type>
						<Label>Time [d]</Label>
					</Axis>
					<Axis>
						<Type>4561</Type>
						<Label>Concentration [M]</Label>
					</Axis>
					<Axis>
						<Type>4562</Type>
						<Label></Label>
					</Axis>
					<Axis>
						<Type>4563</Type>
						<Label></Label>
					</Axis>
				</Axes>
				<Gnuplot>
					<CommandsSource><![CDATA[load 'C:/Users/djacques/OneDrive - Studiecentrum voor Kernenergie/Documents/PC-Progress/HYDRUS 5.x/Projects/00_Tutorial Cement/12_modules/ModuleCementFigures\00_Definitions_01_colors.plt'
]]></CommandsSource>
				</Gnuplot>
				<Variants>
					<Variant>
						<Name><![CDATA[per hour]]></Name>
						<Axis><![CDATA[x]]></Axis>
						<Transform><![CDATA[_THIS * 24]]></Transform>
						<Unit><![CDATA[Time [hour]]]></Unit>
						<Default>false</Default>
					</Variant>
				</Variants>
			</Graph>
			<Graph>
				<Type>84523</Type>
				<ID>3</ID>
				<Export>false</Export>
				<General>
					<Group>Default</Group>
					<VariableType>Water chemistry</VariableType>
					<Name>Elements - mg</Name>
					<Type>XY</Type>
					<ShowZeroes>false</ShowZeroes>
				</General>
				<Curves>
					<Curve>
						<Order>0</Order>
						<UsingX>Lead</UsingX>
						<UsingY>Ca</UsingY>
						<TransformY>_THIS * 1000 * 40.078</TransformY>
						<Axis>x1y1</Axis>
						<Index>0</Index>
						<Title>Ca<Show>true</Show>
						</Title>
					</Curve>
					<Curve>
						<Order>1</Order>
						<UsingX>Lead</UsingX>
						<UsingY>Si</UsingY>
						<TransformY>_THIS * 1000 * 28.0855</TransformY>
						<Axis>x1y1</Axis>
						<Index>0</Index>
						<Title>Si<Show>true</Show>
						</Title>
					</Curve>
					<Curve>
						<Order>2</Order>
						<UsingX>Lead</UsingX>
						<UsingY>Al</UsingY>
						<TransformY>_THIS * 1000 * 26.9815</TransformY>
						<Axis>x1y1</Axis>
						<Index>0</Index>
						<Title>Al<Show>true</Show>
						</Title>
					</Curve>
					<Curve>
						<Order>3</Order>
						<UsingX>Lead</UsingX>
						<UsingY>S</UsingY>
						<TransformY>_THIS * 1000 * 32.067</TransformY>
						<Axis>x1y1</Axis>
						<Index>0</Index>
						<Title>S<Show>true</Show>
						</Title>
					</Curve>
					<Curve>
						<Order>4</Order>
						<UsingX>Lead</UsingX>
						<UsingY>Mg</UsingY>
						<TransformY>_THIS * 1000 * 24.305</TransformY>
						<Axis>x1y1</Axis>
						<Index>0</Index>
						<Title>Mg<Show>true</Show>
						</Title>
					</Curve>
					<Curve>
						<Order>5</Order>
						<UsingX>Lead</UsingX>
						<UsingY>C</UsingY>
						<TransformY>_THIS * 1000 * 12.0108</TransformY>
						<Axis>x1y1</Axis>
						<Index>0</Index>
						<Title>C<Show>true</Show>
						</Title>
					</Curve>
				</Curves>
				<Axes>
					<Axis>
						<Type>4560</Type>
						<Label>Time [d]</Label>
					</Axis>
					<Axis>
						<Type>4561</Type>
						<Label>Concentration [mg/L]</Label>
					</Axis>
					<Axis>
						<Type>4562</Type>
						<Label></Label>
					</Axis>
					<Axis>
						<Type>4563</Type>
						<Label></Label>
					</Axis>
				</Axes>
				<Gnuplot>
					<CommandsSource><![CDATA[load 'C:/Users/djacques/OneDrive - Studiecentrum voor Kernenergie/Documents/PC-Progress/HYDRUS 5.x/Projects/00_Tutorial Cement/12_modules/ModuleCementFigures\00_Definitions_01_colors.plt'
]]></CommandsSource>
				</Gnuplot>
				<Variants>
					<Variant>
						<Name><![CDATA[Per 100 g]]></Name>
						<Axis><![CDATA[y]]></Axis>
						<Transform><![CDATA[_THIS *100/ Cement_Recipe_Amount]]></Transform>
						<Unit><![CDATA[Volume [cm^3 / 100g cement]]]></Unit>
						<Default>false</Default>
					</Variant>
					<Variant>
						<Name><![CDATA[per hour]]></Name>
						<Axis><![CDATA[x]]></Axis>
						<Transform><![CDATA[_THIS * 24]]></Transform>
						<Unit><![CDATA[Time [hour]]]></Unit>
						<Default>false</Default>
					</Variant>
				</Variants>
			</Graph>
			<Graph>
				<Type>84523</Type>
				<ID>4</ID>
				<Export>false</Export>
				<General>
					<Group>Default</Group>
					<VariableType>Solids</VariableType>
					<Name>SolidsMoles  </Name>
					<Type>XY</Type>
					<ShowZeroes>false</ShowZeroes>
				</General>
				<Curves>
					<Curve>
						<Order>0</Order>
						<UsingX>Lead</UsingX>
						<UsingY>OPCAlite</UsingY>
						<Axis>x1y1</Axis>
						<Index>0</Index>
						<Title>Alite<Show>true</Show>
						</Title>
						<Linestyle>901</Linestyle>
					</Curve>
					<Curve>
						<Order>1</Order>
						<UsingX>Lead</UsingX>
						<UsingY>OPCBelite</UsingY>
						<Axis>x1y1</Axis>
						<Index>0</Index>
						<Title>Belite<Show>true</Show>
						</Title>
						<Linestyle>902</Linestyle>
					</Curve>
					<Curve>
						<Order>2</Order>
						<UsingX>Lead</UsingX>
						<UsingY>OPCAluminate</UsingY>
						<Axis>x1y1</Axis>
						<Index>0</Index>
						<Title>Aluminate<Show>true</Show>
						</Title>
						<Linestyle>903</Linestyle>
					</Curve>
					<Curve>
						<Order>3</Order>
						<UsingX>Lead</UsingX>
						<UsingY>OPCFerrite</UsingY>
						<Axis>x1y1</Axis>
						<Index>0</Index>
						<Title>Ferrite<Show>true</Show>
						</Title>
						<Linestyle>904</Linestyle>
					</Curve>
					<Curve>
						<Order>4</Order>
						<UsingX>Lead</UsingX>
						<UsingY>CSH</UsingY>
						<Axis>x1y1</Axis>
						<Index>0</Index>
						<Title>CSH<Show>true</Show>
						</Title>
						<Linestyle>801</Linestyle>
					</Curve>
					<Curve>
						<Order>5</Order>
						<UsingX>Lead</UsingX>
						<UsingY>MSH</UsingY>
						<Axis>x1y1</Axis>
						<Index>0</Index>
						<Title>MSH<Show>true</Show>
						</Title>
					</Curve>
					<Curve>
						<Order>6</Order>
						<UsingX>Lead</UsingX>
						<UsingY>AFT</UsingY>
						<Axis>x1y1</Axis>
						<Index>0</Index>
						<Title>AFT<Show>true</Show>
						</Title>
						<Linestyle>760</Linestyle>
					</Curve>
					<Curve>
						<Order>7</Order>
						<UsingX>Lead</UsingX>
						<UsingY>Portlandite</UsingY>
						<Axis>x1y1</Axis>
						<Index>0</Index>
						<Title>Portlandite<Show>true</Show>
						</Title>
						<Linestyle>751</Linestyle>
					</Curve>
					<Curve>
						<Order>8</Order>
						<UsingX>Lead</UsingX>
						<UsingY>Amor-Sl</UsingY>
						<Axis>x1y1</Axis>
						<Index>0</Index>
						<Title>Amor-Sl<Show>true</Show>
						</Title>
					</Curve>
					<Curve>
						<Order>9</Order>
						<UsingX>Lead</UsingX>
						<UsingY>Anh</UsingY>
						<Axis>x1y1</Axis>
						<Index>0</Index>
						<Title>Anh<Show>true</Show>
						</Title>
					</Curve>
					<Curve>
						<Order>10</Order>
						<UsingX>Lead</UsingX>
						<UsingY>Brc</UsingY>
						<Axis>x1y1</Axis>
						<Index>0</Index>
						<Title>Brucite<Show>true</Show>
						</Title>
					</Curve>
					<Curve>
						<Order>11</Order>
						<UsingX>Lead</UsingX>
						<UsingY>C4AH19</UsingY>
						<Axis>x1y1</Axis>
						<Index>0</Index>
						<Title>C4AH19<Show>true</Show>
						</Title>
					</Curve>
					<Curve>
						<Order>12</Order>
						<UsingX>Lead</UsingX>
						<UsingY>Cal</UsingY>
						<Axis>x1y1</Axis>
						<Index>0</Index>
						<Title>Calcite<Show>true</Show>
						</Title>
						<Linestyle>750</Linestyle>
					</Curve>
					<Curve>
						<Order>13</Order>
						<UsingX>Lead</UsingX>
						<UsingY>Gp</UsingY>
						<Axis>x1y1</Axis>
						<Index>0</Index>
						<Title>Gypsum<Show>true</Show>
						</Title>
					</Curve>
					<Curve>
						<Order>14</Order>
						<UsingX>Lead</UsingX>
						<UsingY>Hemicarbonate</UsingY>
						<Axis>x1y1</Axis>
						<Index>0</Index>
						<Title>AFmCO3_{0.5}<Show>true</Show>
						</Title>
					</Curve>
					<Curve>
						<Order>15</Order>
						<UsingX>Lead</UsingX>
						<UsingY>hemihydrate</UsingY>
						<Axis>x1y1</Axis>
						<Index>0</Index>
						<Title>hemihydrate<Show>true</Show>
						</Title>
					</Curve>
					<Curve>
						<Order>16</Order>
						<UsingX>Lead</UsingX>
						<UsingY>Hydrotalcite</UsingY>
						<Axis>x1y1</Axis>
						<Index>0</Index>
						<Title>Hydrotalcite<Show>true</Show>
						</Title>
						<Linestyle>780</Linestyle>
					</Curve>
					<Curve>
						<Order>17</Order>
						<UsingX>Lead</UsingX>
						<UsingY>Monocarbonate</UsingY>
						<Axis>x1y1</Axis>
						<Index>0</Index>
						<Title>AFmCO3<Show>true</Show>
						</Title>
						<Linestyle>770</Linestyle>
					</Curve>
					<Curve>
						<Order>18</Order>
						<UsingX>Lead</UsingX>
						<UsingY>Monosulphate16</UsingY>
						<Axis>x1y1</Axis>
						<Index>0</Index>
						<Title>AFmSO4<Show>true</Show>
						</Title>
						<Linestyle>791</Linestyle>
					</Curve>
					<Curve>
						<Order>19</Order>
						<UsingX>Lead</UsingX>
						<UsingY>Straetlingite</UsingY>
						<Axis>x1y1</Axis>
						<Index>0</Index>
						<Title>Stratlingite<Show>true</Show>
						</Title>
						<Linestyle>771</Linestyle>
					</Curve>
				</Curves>
				<Axes>
					<Axis>
						<Type>4560</Type>
						<Label>Time [d]</Label>
					</Axis>
					<Axis>
						<Type>4561</Type>
						<Label>Amount [moles]</Label>
					</Axis>
					<Axis>
						<Type>4562</Type>
						<Label></Label>
					</Axis>
					<Axis>
						<Type>4563</Type>
						<Label></Label>
					</Axis>
				</Axes>
				<Gnuplot>
					<CommandsSource><![CDATA[load 'C:/Users/djacques/OneDrive - Studiecentrum voor Kernenergie/Documents/PC-Progress/HYDRUS 5.x/Projects/00_Tutorial Cement/12_modules/ModuleCementFigures\00_Definitions_01_colors.plt'
]]></CommandsSource>
				</Gnuplot>
				<Variants>
					<Variant>
						<Name><![CDATA[Per 100 g]]></Name>
						<Axis><![CDATA[y]]></Axis>
						<Transform><![CDATA[_THIS *100/ Cement_Recipe_Amount]]></Transform>
						<Unit><![CDATA[Volume [cm^3 / 100g cement]]]></Unit>
						<Default>false</Default>
					</Variant>
					<Variant>
						<Name><![CDATA[per hour]]></Name>
						<Axis><![CDATA[x]]></Axis>
						<Transform><![CDATA[_THIS * 24]]></Transform>
						<Unit><![CDATA[Time [hour]]]></Unit>
						<Default>false</Default>
					</Variant>
				</Variants>
			</Graph>
			<Graph>
				<Type>84523</Type>
				<ID>5</ID>
				<Export>false</Export>
				<General>
					<Group>Default</Group>
					<VariableType>Solids</VariableType>
					<Name>SolidsGrams </Name>
					<Type>XY</Type>
					<ShowZeroes>false</ShowZeroes>
				</General>
				<Curves>
					<Curve>
						<Order>0</Order>
						<UsingX>Lead</UsingX>
						<UsingY>wOPCAlite</UsingY>
						<Axis>x1y1</Axis>
						<Index>0</Index>
						<Title>Alite<Show>true</Show>
						</Title>
						<Linestyle>901</Linestyle>
					</Curve>
					<Curve>
						<Order>1</Order>
						<UsingX>Lead</UsingX>
						<UsingY>wOPCBelite</UsingY>
						<Axis>x1y1</Axis>
						<Index>0</Index>
						<Title>Belite<Show>true</Show>
						</Title>
						<Linestyle>902</Linestyle>
					</Curve>
					<Curve>
						<Order>2</Order>
						<UsingX>Lead</UsingX>
						<UsingY>wOPCAluminate</UsingY>
						<Axis>x1y1</Axis>
						<Index>0</Index>
						<Title>Aluminate<Show>true</Show>
						</Title>
						<Linestyle>903</Linestyle>
					</Curve>
					<Curve>
						<Order>3</Order>
						<UsingX>Lead</UsingX>
						<UsingY>wOPCFerrite</UsingY>
						<Axis>x1y1</Axis>
						<Index>0</Index>
						<Title>Ferrite<Show>true</Show>
						</Title>
						<Linestyle>904</Linestyle>
					</Curve>
					<Curve>
						<Order>4</Order>
						<UsingX>Lead</UsingX>
						<UsingY>wCSH</UsingY>
						<Axis>x1y1</Axis>
						<Index>0</Index>
						<Title>CSH<Show>true</Show>
						</Title>
						<Linestyle>801</Linestyle>
					</Curve>
					<Curve>
						<Order>5</Order>
						<UsingX>Lead</UsingX>
						<UsingY>wMSH</UsingY>
						<Axis>x1y1</Axis>
						<Index>0</Index>
						<Title>MSH<Show>true</Show>
						</Title>
					</Curve>
					<Curve>
						<Order>6</Order>
						<UsingX>Lead</UsingX>
						<UsingY>wAFT</UsingY>
						<Axis>x1y1</Axis>
						<Index>0</Index>
						<Title>AFT<Show>true</Show>
						</Title>
						<Linestyle>760</Linestyle>
					</Curve>
					<Curve>
						<Order>7</Order>
						<UsingX>Lead</UsingX>
						<UsingY>wPortlandite</UsingY>
						<Axis>x1y1</Axis>
						<Index>0</Index>
						<Title>Portlandite<Show>true</Show>
						</Title>
						<Linestyle>751</Linestyle>
					</Curve>
					<Curve>
						<Order>8</Order>
						<UsingX>Lead</UsingX>
						<UsingY>wAmor-Sl</UsingY>
						<Axis>x1y1</Axis>
						<Index>0</Index>
						<Title>Amor-Sl<Show>true</Show>
						</Title>
					</Curve>
					<Curve>
						<Order>9</Order>
						<UsingX>Lead</UsingX>
						<UsingY>wAnh</UsingY>
						<Axis>x1y1</Axis>
						<Index>0</Index>
						<Title>Anh<Show>true</Show>
						</Title>
					</Curve>
					<Curve>
						<Order>10</Order>
						<UsingX>Lead</UsingX>
						<UsingY>wBrc</UsingY>
						<Axis>x1y1</Axis>
						<Index>0</Index>
						<Title>Brucite<Show>true</Show>
						</Title>
					</Curve>
					<Curve>
						<Order>11</Order>
						<UsingX>Lead</UsingX>
						<UsingY>wC4AH19</UsingY>
						<Axis>x1y1</Axis>
						<Index>0</Index>
						<Title>C4AH19<Show>true</Show>
						</Title>
					</Curve>
					<Curve>
						<Order>12</Order>
						<UsingX>Lead</UsingX>
						<UsingY>wCal</UsingY>
						<Axis>x1y1</Axis>
						<Index>0</Index>
						<Title>Calcite<Show>true</Show>
						</Title>
						<Linestyle>750</Linestyle>
					</Curve>
					<Curve>
						<Order>13</Order>
						<UsingX>Lead</UsingX>
						<UsingY>wGp</UsingY>
						<Axis>x1y1</Axis>
						<Index>0</Index>
						<Title>Gypsum<Show>true</Show>
						</Title>
					</Curve>
					<Curve>
						<Order>14</Order>
						<UsingX>Lead</UsingX>
						<UsingY>wHemicarbonate</UsingY>
						<Axis>x1y1</Axis>
						<Index>0</Index>
						<Title>AFmCO3_{0.5}<Show>true</Show>
						</Title>
					</Curve>
					<Curve>
						<Order>15</Order>
						<UsingX>Lead</UsingX>
						<UsingY>whemihydrate</UsingY>
						<Axis>x1y1</Axis>
						<Index>0</Index>
						<Title>hemihydrate<Show>true</Show>
						</Title>
					</Curve>
					<Curve>
						<Order>16</Order>
						<UsingX>Lead</UsingX>
						<UsingY>wHydrotalcite</UsingY>
						<Axis>x1y1</Axis>
						<Index>0</Index>
						<Title>Hydrotalcite<Show>true</Show>
						</Title>
						<Linestyle>780</Linestyle>
					</Curve>
					<Curve>
						<Order>17</Order>
						<UsingX>Lead</UsingX>
						<UsingY>wMonocarbonate</UsingY>
						<Axis>x1y1</Axis>
						<Index>0</Index>
						<Title>AFmCO3<Show>true</Show>
						</Title>
						<Linestyle>770</Linestyle>
					</Curve>
					<Curve>
						<Order>18</Order>
						<UsingX>Lead</UsingX>
						<UsingY>wMonosulphate16</UsingY>
						<Axis>x1y1</Axis>
						<Index>0</Index>
						<Title>AFmSO4<Show>true</Show>
						</Title>
						<Linestyle>791</Linestyle>
					</Curve>
					<Curve>
						<Order>19</Order>
						<UsingX>Lead</UsingX>
						<UsingY>wStraetlingite</UsingY>
						<Axis>x1y1</Axis>
						<Index>0</Index>
						<Title>Stratlingite<Show>true</Show>
						</Title>
						<Linestyle>771</Linestyle>
					</Curve>
				</Curves>
				<Axes>
					<Axis>
						<Type>4560</Type>
						<Label>Time [d]</Label>
					</Axis>
					<Axis>
						<Type>4561</Type>
						<Label>Amount [grams]</Label>
					</Axis>
					<Axis>
						<Type>4562</Type>
						<Label></Label>
					</Axis>
					<Axis>
						<Type>4563</Type>
						<Label></Label>
					</Axis>
				</Axes>
				<Gnuplot>
					<CommandsSource><![CDATA[load 'C:/Users/djacques/OneDrive - Studiecentrum voor Kernenergie/Documents/PC-Progress/HYDRUS 5.x/Projects/00_Tutorial Cement/12_modules/ModuleCementFigures\00_Definitions_01_colors.plt'
]]></CommandsSource>
				</Gnuplot>
				<Variants>
					<Variant>
						<Name><![CDATA[Per 100 g]]></Name>
						<Axis><![CDATA[y]]></Axis>
						<Transform><![CDATA[_THIS *100/ Cement_Recipe_Amount]]></Transform>
						<Unit><![CDATA[Volume [cm^3 / 100g cement]]]></Unit>
						<Default>false</Default>
					</Variant>
				</Variants>
			</Graph>
			<Graph>
				<Type>84523</Type>
				<ID>6</ID>
				<Export>false</Export>
				<General>
					<Group>Default</Group>
					<VariableType>Solids</VariableType>
					<Name>SolidsVolume </Name>
					<Type>XY</Type>
					<ShowZeroes>false</ShowZeroes>
				</General>
				<Curves>
					<Curve>
						<Order>0</Order>
						<UsingX>Lead</UsingX>
						<UsingY>vOPCAlite</UsingY>
						<Axis>x1y1</Axis>
						<Index>0</Index>
						<Title>Alite<Show>true</Show>
						</Title>
						<Linestyle>901</Linestyle>
					</Curve>
					<Curve>
						<Order>1</Order>
						<UsingX>Lead</UsingX>
						<UsingY>vOPCBelite</UsingY>
						<Axis>x1y1</Axis>
						<Index>0</Index>
						<Title>Belite<Show>true</Show>
						</Title>
						<Linestyle>902</Linestyle>
					</Curve>
					<Curve>
						<Order>2</Order>
						<UsingX>Lead</UsingX>
						<UsingY>vOPCAluminate</UsingY>
						<Axis>x1y1</Axis>
						<Index>0</Index>
						<Title>Aluminate<Show>true</Show>
						</Title>
						<Linestyle>903</Linestyle>
					</Curve>
					<Curve>
						<Order>3</Order>
						<UsingX>Lead</UsingX>
						<UsingY>vOPCFerrite</UsingY>
						<Axis>x1y1</Axis>
						<Index>0</Index>
						<Title>Ferrite<Show>true</Show>
						</Title>
						<Linestyle>904</Linestyle>
					</Curve>
					<Curve>
						<Order>4</Order>
						<UsingX>Lead</UsingX>
						<UsingY>vCSH</UsingY>
						<Axis>x1y1</Axis>
						<Index>0</Index>
						<Title>CSH<Show>true</Show>
						</Title>
						<Linestyle>801</Linestyle>
					</Curve>
					<Curve>
						<Order>5</Order>
						<UsingX>Lead</UsingX>
						<UsingY>vMSH</UsingY>
						<Axis>x1y1</Axis>
						<Index>0</Index>
						<Title>MSH<Show>true</Show>
						</Title>
					</Curve>
					<Curve>
						<Order>6</Order>
						<UsingX>Lead</UsingX>
						<UsingY>vAFT</UsingY>
						<Axis>x1y1</Axis>
						<Index>0</Index>
						<Title>AFT<Show>true</Show>
						</Title>
						<Linestyle>760</Linestyle>
					</Curve>
					<Curve>
						<Order>7</Order>
						<UsingX>Lead</UsingX>
						<UsingY>vPortlandite</UsingY>
						<Axis>x1y1</Axis>
						<Index>0</Index>
						<Title>Portlandite<Show>true</Show>
						</Title>
						<Linestyle>751</Linestyle>
					</Curve>
					<Curve>
						<Order>8</Order>
						<UsingX>Lead</UsingX>
						<UsingY>vAmor-Sl</UsingY>
						<Axis>x1y1</Axis>
						<Index>0</Index>
						<Title>Amor-Sl<Show>true</Show>
						</Title>
					</Curve>
					<Curve>
						<Order>9</Order>
						<UsingX>Lead</UsingX>
						<UsingY>vAnh</UsingY>
						<Axis>x1y1</Axis>
						<Index>0</Index>
						<Title>Anh<Show>true</Show>
						</Title>
					</Curve>
					<Curve>
						<Order>10</Order>
						<UsingX>Lead</UsingX>
						<UsingY>vBrc</UsingY>
						<Axis>x1y1</Axis>
						<Index>0</Index>
						<Title>Brucite<Show>true</Show>
						</Title>
					</Curve>
					<Curve>
						<Order>11</Order>
						<UsingX>Lead</UsingX>
						<UsingY>vC4AH19</UsingY>
						<Axis>x1y1</Axis>
						<Index>0</Index>
						<Title>C4AH19<Show>true</Show>
						</Title>
					</Curve>
					<Curve>
						<Order>12</Order>
						<UsingX>Lead</UsingX>
						<UsingY>vCal</UsingY>
						<Axis>x1y1</Axis>
						<Index>0</Index>
						<Title>Calcite<Show>true</Show>
						</Title>
						<Linestyle>750</Linestyle>
					</Curve>
					<Curve>
						<Order>13</Order>
						<UsingX>Lead</UsingX>
						<UsingY>vGp</UsingY>
						<Axis>x1y1</Axis>
						<Index>0</Index>
						<Title>Gypsum<Show>true</Show>
						</Title>
					</Curve>
					<Curve>
						<Order>14</Order>
						<UsingX>Lead</UsingX>
						<UsingY>vHemicarbonate</UsingY>
						<Axis>x1y1</Axis>
						<Index>0</Index>
						<Title>AFmCO3_{0.5}<Show>true</Show>
						</Title>
					</Curve>
					<Curve>
						<Order>15</Order>
						<UsingX>Lead</UsingX>
						<UsingY>vhemihydrate</UsingY>
						<Axis>x1y1</Axis>
						<Index>0</Index>
						<Title>hemihydrate<Show>true</Show>
						</Title>
					</Curve>
					<Curve>
						<Order>16</Order>
						<UsingX>Lead</UsingX>
						<UsingY>vHydrotalcite</UsingY>
						<Axis>x1y1</Axis>
						<Index>0</Index>
						<Title>Hydrotalcite<Show>true</Show>
						</Title>
						<Linestyle>780</Linestyle>
					</Curve>
					<Curve>
						<Order>17</Order>
						<UsingX>Lead</UsingX>
						<UsingY>vMonocarbonate</UsingY>
						<Axis>x1y1</Axis>
						<Index>0</Index>
						<Title>AFmCO3<Show>true</Show>
						</Title>
						<Linestyle>770</Linestyle>
					</Curve>
					<Curve>
						<Order>18</Order>
						<UsingX>Lead</UsingX>
						<UsingY>vMonosulphate16</UsingY>
						<Axis>x1y1</Axis>
						<Index>0</Index>
						<Title>AFmSO4<Show>true</Show>
						</Title>
						<Linestyle>791</Linestyle>
					</Curve>
					<Curve>
						<Order>19</Order>
						<UsingX>Lead</UsingX>
						<UsingY>vStraetlingite</UsingY>
						<Axis>x1y1</Axis>
						<Index>0</Index>
						<Title>Stratlingite<Show>true</Show>
						</Title>
						<Linestyle>771</Linestyle>
					</Curve>
					<Curve>
						<Order>20</Order>
						<UsingX>Lead</UsingX>
						<UsingY>water</UsingY>
						<TransformY>_THIS*1000</TransformY>
						<Axis>x1y1</Axis>
						<Index>0</Index>
						<Title>Capillary water<Show>true</Show>
						</Title>
						<Linestyle>500</Linestyle>
					</Curve>
				</Curves>
				<Axes>
					<Axis>
						<Type>4560</Type>
						<Label>Time [d]</Label>
					</Axis>
					<Axis>
						<Type>4561</Type>
						<Label>Volume [cm^3]</Label>
					</Axis>
					<Axis>
						<Type>4562</Type>
						<Label></Label>
					</Axis>
					<Axis>
						<Type>4563</Type>
						<Label></Label>
					</Axis>
				</Axes>
				<Gnuplot>
					<CommandsSource><![CDATA[load 'C:/Users/djacques/OneDrive - Studiecentrum voor Kernenergie/Documents/PC-Progress/HYDRUS 5.x/Projects/00_Tutorial Cement/12_modules/ModuleCementFigures\00_Definitions_01_colors.plt'
set arrow 901 from graph 0, first 82.2581 to graph 1, first 82.2581 lt 1003 nohead front 
set yrange [0:90] 
]]></CommandsSource>
				</Gnuplot>
				<Variants>
					<Variant>
						<Name><![CDATA[Per 100 g]]></Name>
						<Axis><![CDATA[y]]></Axis>
						<Transform><![CDATA[_THIS *100/ Cement_Recipe_Amount]]></Transform>
						<Unit><![CDATA[Volume [cm^3 / 100g cement]]]></Unit>
						<Default>false</Default>
					</Variant>
					<Variant>
						<Name><![CDATA[Fraction]]></Name>
						<Axis><![CDATA[y]]></Axis>
						<Transform><![CDATA[_THIS /(_COL_Amount * _COL_wc + _COL_IniCemVol)]]></Transform>
						<Unit><![CDATA[Volume Fraction [-]]]></Unit>
						<Default>false</Default>
					</Variant>
					<Variant>
						<Name><![CDATA[Fraction %]]></Name>
						<Axis><![CDATA[y]]></Axis>
						<Transform><![CDATA[_THIS *100/ (_COL_Amount * _COL_wc + _COL_IniCemVol)]]></Transform>
						<Unit><![CDATA[Volume Fraction [%]]]></Unit>
						<Default>false</Default>
					</Variant>
				</Variants>
			</Graph>
			<Graph>
				<Type>84523</Type>
				<ID>7</ID>
				<Export>false</Export>
				<General>
					<Group>Default</Group>
					<VariableType>Heat</VariableType>
					<Name>Heat rate</Name>
					<Type>XY</Type>
					<ShowZeroes>false</ShowZeroes>
				</General>
				<Curves>
					<Curve>
						<Order>0</Order>
						<UsingX>Lead</UsingX>
						<UsingY>hTotal</UsingY>
						<Axis>x1y1</Axis>
						<Index>0</Index>
						<Title>Sum<Show>true</Show>
						</Title>
						<Style>lines</Style>
					</Curve>
					<Curve>
						<Order>1</Order>
						<UsingX>Lead</UsingX>
						<UsingY>hCement</UsingY>
						<Axis>x1y1</Axis>
						<Index>0</Index>
						<Title>Clinkers / SCM<Show>true</Show>
						</Title>
						<Style>lines</Style>
						<Dashtype>2</Dashtype>
					</Curve>
					<Curve>
						<Order>2</Order>
						<UsingX>Lead</UsingX>
						<UsingY>hHydrates</UsingY>
						<Axis>x1y1</Axis>
						<Index>0</Index>
						<Title>Hydrates<Show>true</Show>
						</Title>
						<Style>lines</Style>
						<Dashtype>2</Dashtype>
					</Curve>
				</Curves>
				<Axes>
					<Axis>
						<Type>4560</Type>
						<Label>Time [d]</Label>
					</Axis>
					<Axis>
						<Type>4561</Type>
						<Label>Heat rate [kJ/d]</Label>
					</Axis>
					<Axis>
						<Type>4562</Type>
						<Label></Label>
					</Axis>
					<Axis>
						<Type>4563</Type>
						<Label></Label>
					</Axis>
				</Axes>
				<Gnuplot>
					<CommandsSource><![CDATA[load 'C:/Users/djacques/OneDrive - Studiecentrum voor Kernenergie/Documents/PC-Progress/HYDRUS 5.x/Projects/00_Tutorial Cement/12_modules/ModuleCementFigures\00_Definitions_01_colors.plt'
]]></CommandsSource>
				</Gnuplot>
				<Variants>
					<Variant>
						<Name><![CDATA[Watt / g]]></Name>
						<Axis><![CDATA[y]]></Axis>
						<Transform><![CDATA[_THIS*1000/Cement_Recipe_Amount/86400]]></Transform>
						<Unit><![CDATA[Heat rate [W/g]]]></Unit>
						<Default>false</Default>
					</Variant>
					<Variant>
						<Name><![CDATA[per hour]]></Name>
						<Axis><![CDATA[x]]></Axis>
						<Transform><![CDATA[_THIS * 24]]></Transform>
						<Unit><![CDATA[Time [hour]]]></Unit>
						<Default>false</Default>
					</Variant>
				</Variants>
			</Graph>
			<Graph>
				<Type>84523</Type>
				<ID>8</ID>
				<Export>false</Export>
				<General>
					<Group>Default</Group>
					<VariableType>Heat</VariableType>
					<Name>Cumulative Heat</Name>
					<Type>XY</Type>
					<ShowZeroes>false</ShowZeroes>
				</General>
				<Curves>
					<Curve>
						<Order>0</Order>
						<UsingX>Lead</UsingX>
						<UsingY>chTotal</UsingY>
						<Axis>x1y1</Axis>
						<Index>0</Index>
						<Title>Sum<Show>true</Show>
						</Title>
						<Style>lines</Style>
					</Curve>
					<Curve>
						<Order>1</Order>
						<UsingX>Lead</UsingX>
						<UsingY>chCement</UsingY>
						<Axis>x1y1</Axis>
						<Index>0</Index>
						<Title>Clinkers / SCM<Show>true</Show>
						</Title>
						<Style>lines</Style>
						<Dashtype>2</Dashtype>
					</Curve>
					<Curve>
						<Order>2</Order>
						<UsingX>Lead</UsingX>
						<UsingY>chHydrates</UsingY>
						<Axis>x1y1</Axis>
						<Index>0</Index>
						<Title>Hydrates<Show>true</Show>
						</Title>
						<Style>lines</Style>
						<Dashtype>2</Dashtype>
					</Curve>
				</Curves>
				<Axes>
					<Axis>
						<Type>4560</Type>
						<Label>Time [d]</Label>
					</Axis>
					<Axis>
						<Type>4561</Type>
						<Label>Cumulative heat [kJ]</Label>
					</Axis>
					<Axis>
						<Type>4562</Type>
						<Label></Label>
					</Axis>
					<Axis>
						<Type>4563</Type>
						<Label></Label>
					</Axis>
				</Axes>
				<Gnuplot>
					<CommandsSource><![CDATA[load 'C:/Users/djacques/OneDrive - Studiecentrum voor Kernenergie/Documents/PC-Progress/HYDRUS 5.x/Projects/00_Tutorial Cement/12_modules/ModuleCementFigures\00_Definitions_01_colors.plt'
]]></CommandsSource>
				</Gnuplot>
				<Variants>
					<Variant>
						<Name><![CDATA[per hour]]></Name>
						<Axis><![CDATA[x]]></Axis>
						<Transform><![CDATA[_THIS * 24]]></Transform>
						<Unit><![CDATA[Time [hour]]]></Unit>
						<Default>false</Default>
					</Variant>
					<Variant>
						<Name><![CDATA[J per 100 g binder]]></Name>
						<Axis><![CDATA[y]]></Axis>
						<Transform><![CDATA[_THIS *1000/ Cement_Recipe_Amount]]></Transform>
						<Unit><![CDATA[Cumulative heat [J / g binder]]]></Unit>
						<Default>false</Default>
					</Variant>
				</Variants>
			</Graph>
			<Graph>
				<Type>84523</Type>
				<ID>9</ID>
				<Export>false</Export>
				<General>
					<Group>Default</Group>
					<VariableType>Miscellaneous</VariableType>
					<Name>Volumes</Name>
					<Type>XY</Type>
					<ShowZeroes>false</ShowZeroes>
				</General>
				<Curves>
					<Curve>
						<Order>0</Order>
						<UsingX>Lead</UsingX>
						<UsingY>AggVol</UsingY>
						<Axis>x1y1</Axis>
						<Index>0</Index>
						<Title>Aggregates<Show>true</Show>
						</Title>
						<Style>lines</Style>
						<Linestyle>1050</Linestyle>
					</Curve>
					<Curve>
						<Order>1</Order>
						<UsingX>Lead</UsingX>
						<UsingY>CemVol</UsingY>
						<Axis>x1y1</Axis>
						<Index>0</Index>
						<Title>Cement<Show>true</Show>
						</Title>
						<Style>lines</Style>
						<Linestyle>900</Linestyle>
					</Curve>
					<Curve>
						<Order>2</Order>
						<UsingX>Lead</UsingX>
						<UsingY>HydratesVol</UsingY>
						<Axis>x1y1</Axis>
						<Index>0</Index>
						<Title>Hydrates<Show>true</Show>
						</Title>
						<Style>lines</Style>
						<Linestyle>1001</Linestyle>
					</Curve>
					<Curve>
						<Order>3</Order>
						<UsingX>Lead</UsingX>
						<UsingY>GelPores</UsingY>
						<Axis>x1y1</Axis>
						<Index>0</Index>
						<Title>Gel Porosity<Show>true</Show>
						</Title>
						<Style>lines</Style>
						<Linestyle>501</Linestyle>
					</Curve>
					<Curve>
						<Order>4</Order>
						<UsingX>Lead</UsingX>
						<UsingY>water</UsingY>
						<TransformY>_THIS*1000</TransformY>
						<Axis>x1y1</Axis>
						<Index>0</Index>
						<Title>Capillair Pores<Show>true</Show>
						</Title>
						<Style>lines</Style>
						<Linestyle>500</Linestyle>
					</Curve>
					<Curve>
						<Order>5</Order>
						<UsingX>Lead</UsingX>
						<UsingY>ChemShrink</UsingY>
						<Axis>x1y1</Axis>
						<Index>0</Index>
						<Title>Chemical Shrinkage<Show>true</Show>
						</Title>
						<Style>lines</Style>
						<Linestyle>904</Linestyle>
					</Curve>
				</Curves>
				<Axes>
					<Axis>
						<Type>4560</Type>
						<Label>Time [d]</Label>
					</Axis>
					<Axis>
						<Type>4561</Type>
						<Label>Volume [cm^3]</Label>
					</Axis>
					<Axis>
						<Type>4562</Type>
						<Label></Label>
					</Axis>
					<Axis>
						<Type>4563</Type>
						<Label></Label>
					</Axis>
				</Axes>
				<Gnuplot>
					<CommandsSource><![CDATA[load 'C:/Users/djacques/OneDrive - Studiecentrum voor Kernenergie/Documents/PC-Progress/HYDRUS 5.x/Projects/00_Tutorial Cement/12_modules/ModuleCementFigures\00_Definitions_01_colors.plt'
set yrange [0:*]
]]></CommandsSource>
				</Gnuplot>
				<Variants>
					<Variant>
						<Name><![CDATA[Per 100 g]]></Name>
						<Axis><![CDATA[y]]></Axis>
						<Transform><![CDATA[_THIS *100/ Cement_Recipe_Amount]]></Transform>
						<Unit><![CDATA[Volume [cm^3 / 100g cement]]]></Unit>
						<Default>false</Default>
					</Variant>
					<Variant>
						<Name><![CDATA[Fraction]]></Name>
						<Axis><![CDATA[y]]></Axis>
						<Transform><![CDATA[_THIS / Cement_Composition_VolumeTot0]]></Transform>
						<Unit><![CDATA[Volume Fraction [-]]]></Unit>
						<Default>false</Default>
					</Variant>
					<Variant>
						<Name><![CDATA[Fraction %]]></Name>
						<Axis><![CDATA[y]]></Axis>
						<Transform><![CDATA[_THIS *100/ Cement_Composition_VolumeTot0]]></Transform>
						<Unit><![CDATA[Volume Fraction [%]]]></Unit>
						<Default>false</Default>
					</Variant>
					<Variant>
						<Name><![CDATA[per hour]]></Name>
						<Axis><![CDATA[x]]></Axis>
						<Transform><![CDATA[_THIS * 24]]></Transform>
						<Unit><![CDATA[Time [hour]]]></Unit>
						<Default>false</Default>
					</Variant>
				</Variants>
			</Graph>
			<Graph>
				<Type>84523</Type>
				<ID>10</ID>
				<Export>false</Export>
				<General>
					<Group>Default</Group>
					<VariableType>Miscellaneous</VariableType>
					<Name>Hydration Degree</Name>
					<Type>XY</Type>
					<ShowZeroes>false</ShowZeroes>
				</General>
				<Curves>
					<Curve>
						<Order>0</Order>
						<UsingX>Lead</UsingX>
						<UsingY>hdOPCAlite</UsingY>
						<Axis>x1y1</Axis>
						<Index>0</Index>
						<Title>Alite<Show>true</Show>
						</Title>
						<Style>lines</Style>
						<Linestyle>750</Linestyle>
					</Curve>
					<Curve>
						<Order>1</Order>
						<UsingX>Lead</UsingX>
						<UsingY>hdOPCBelite</UsingY>
						<Axis>x1y1</Axis>
						<Index>0</Index>
						<Title>Belite<Show>true</Show>
						</Title>
						<Style>lines</Style>
						<Linestyle>751</Linestyle>
					</Curve>
					<Curve>
						<Order>2</Order>
						<UsingX>Lead</UsingX>
						<UsingY>hdOPCAluminate</UsingY>
						<Axis>x1y1</Axis>
						<Index>0</Index>
						<Title>Aluminate<Show>true</Show>
						</Title>
						<Style>lines</Style>
						<Linestyle>760</Linestyle>
					</Curve>
					<Curve>
						<Order>3</Order>
						<UsingX>Lead</UsingX>
						<UsingY>hdOPCFerrite</UsingY>
						<Axis>x1y1</Axis>
						<Index>0</Index>
						<Title>Ferrite<Show>true</Show>
						</Title>
						<Style>lines</Style>
						<Linestyle>770</Linestyle>
					</Curve>
					<Curve>
						<Order>4</Order>
						<UsingX>Lead</UsingX>
						<UsingY>hdTotal</UsingY>
						<Axis>x1y1</Axis>
						<Index>0</Index>
						<Title>Clinker<Show>true</Show>
						</Title>
						<Style>lines</Style>
						<Linestyle>780</Linestyle>
					</Curve>
				</Curves>
				<Axes>
					<Axis>
						<Type>4560</Type>
						<Label>Time [d]</Label>
					</Axis>
					<Axis>
						<Type>4561</Type>
						<Label>Hydration degree [-]</Label>
					</Axis>
					<Axis>
						<Type>4562</Type>
						<Label></Label>
					</Axis>
					<Axis>
						<Type>4563</Type>
						<Label></Label>
					</Axis>
				</Axes>
				<Gnuplot>
					<CommandsSource><![CDATA[load 'C:/Users/djacques/OneDrive - Studiecentrum voor Kernenergie/Documents/PC-Progress/HYDRUS 5.x/Projects/00_Tutorial Cement/12_modules/ModuleCementFigures\00_Definitions_01_colors.plt'
set yrange [0:1]
set ytics 0.25
]]></CommandsSource>
				</Gnuplot>
				<Variants>
					<Variant>
						<Name><![CDATA[per hour]]></Name>
						<Axis><![CDATA[x]]></Axis>
						<Transform><![CDATA[_THIS * 24]]></Transform>
						<Unit><![CDATA[Time [hour]]]></Unit>
						<Default>false</Default>
					</Variant>
				</Variants>
			</Graph>
			<Graph>
				<Type>84523</Type>
				<ID>11</ID>
				<Export>false</Export>
				<General>
					<Group>Default</Group>
					<VariableType>Miscellaneous</VariableType>
					<Name>Chemical Shrinkage</Name>
					<Type>XY</Type>
					<ShowZeroes>false</ShowZeroes>
				</General>
				<Curves>
					<Curve>
						<Order>0</Order>
						<UsingX>Lead</UsingX>
						<UsingY>ChemShrink</UsingY>
						<Axis>x1y1</Axis>
						<Index>0</Index>
						<Title>Chemical Shrinkage<Show>true</Show>
						</Title>
						<Style>lines</Style>
						<Linestyle>904</Linestyle>
					</Curve>
				</Curves>
				<Axes>
					<Axis>
						<Type>4560</Type>
						<Label>Time [d]</Label>
					</Axis>
					<Axis>
						<Type>4561</Type>
						<Label>Volume [cm^3]</Label>
					</Axis>
					<Axis>
						<Type>4562</Type>
						<Label></Label>
					</Axis>
					<Axis>
						<Type>4563</Type>
						<Label></Label>
					</Axis>
				</Axes>
				<Gnuplot>
					<CommandsSource><![CDATA[load 'C:/Users/djacques/OneDrive - Studiecentrum voor Kernenergie/Documents/PC-Progress/HYDRUS 5.x/Projects/00_Tutorial Cement/12_modules/ModuleCementFigures\00_Definitions_01_colors.plt'
set yrange [0:*] 
]]></CommandsSource>
				</Gnuplot>
				<Variants>
					<Variant>
						<Name><![CDATA[Per 100 g]]></Name>
						<Axis><![CDATA[y]]></Axis>
						<Transform><![CDATA[_THIS *100/ Cement_Recipe_Amount]]></Transform>
						<Unit><![CDATA[Volume [cm^3 / 100g cement]]]></Unit>
						<Default>false</Default>
					</Variant>
					<Variant>
						<Name><![CDATA[Fraction]]></Name>
						<Axis><![CDATA[y]]></Axis>
						<Transform><![CDATA[_THIS / Cement_Composition_VolumeTot0]]></Transform>
						<Unit><![CDATA[Volume Fraction [-]]]></Unit>
						<Default>false</Default>
					</Variant>
					<Variant>
						<Name><![CDATA[Fraction %]]></Name>
						<Axis><![CDATA[y]]></Axis>
						<Transform><![CDATA[_THIS *100/ Cement_Composition_VolumeTot0]]></Transform>
						<Unit><![CDATA[Volume Fraction [%]]]></Unit>
						<Default>false</Default>
					</Variant>
					<Variant>
						<Name><![CDATA[per hour]]></Name>
						<Axis><![CDATA[x]]></Axis>
						<Transform><![CDATA[_THIS * 24]]></Transform>
						<Unit><![CDATA[Time [hour]]]></Unit>
						<Default>false</Default>
					</Variant>
				</Variants>
			</Graph>
		</Graphs>
	</Selected_Graph>
</SelectedGraph_map>
