<?xml version="1.0"?>
<OpenOutputTabs />
<Graphs>
	<LastView>
		<Columns>2</Columns>
		<Rows>2</Rows>
		<Zoom>100</Zoom>
		<Graph>
			<Group><![CDATA[Default]]></Group>
			<VariableType><![CDATA[Miscellaneous]]></VariableType>
			<Variable><![CDATA[Hydration Degree]]></Variable>
		</Graph>
	</LastView>
	<SelectedGraph_map>
		<Selected_Graph>
			<Number>1</Number>
			<Graphs>
				<Graph>
					<Type>84523<Style>5000</Style>
					</Type>
					<Source>56844</Source>
					<Show>0</Show>
					<General>
						<Group><![CDATA[Default]]></Group>
						<VariableType><![CDATA[Water chemistry]]></VariableType>
						<Variable><![CDATA[pH]]></Variable>
						<ExportType>1001</ExportType>
						<ExportName><![CDATA[NULL]]></ExportName>
						<ExportDirectory><![CDATA[NULL]]></ExportDirectory>
					</General>
					<ID>1</ID>
					<Curves>
						<Curve>
							<UsingX><![CDATA[Lead]]></UsingX>
							<UsingY><![CDATA[pH]]></UsingY>
						</Curve>
					</Curves>
					<Axes>
						<Axis>
							<Type>4560</Type>
						</Axis>
						<Axis>
							<Type>4561</Type>
						</Axis>
						<Axis>
							<Type>4562</Type>
						</Axis>
						<Axis>
							<Type>4563</Type>
						</Axis>
					</Axes>
					<Key />
				</Graph>
				<Graph>
					<Type>84523<Style>5000</Style>
					</Type>
					<Source>56844</Source>
					<Show>0</Show>
					<General>
						<Group><![CDATA[Default]]></Group>
						<VariableType><![CDATA[Water chemistry]]></VariableType>
						<Variable><![CDATA[Elements - M]]></Variable>
						<ExportType>1001</ExportType>
						<ExportName><![CDATA[NULL]]></ExportName>
						<ExportDirectory><![CDATA[NULL]]></ExportDirectory>
					</General>
					<ID>2</ID>
					<Curves>
						<Curve>
							<UsingX><![CDATA[Lead]]></UsingX>
							<UsingY><![CDATA[Ca]]></UsingY>
						</Curve>
						<Curve>
							<UsingX><![CDATA[Lead]]></UsingX>
							<UsingY><![CDATA[Si]]></UsingY>
						</Curve>
						<Curve>
							<UsingX><![CDATA[Lead]]></UsingX>
							<UsingY><![CDATA[Al]]></UsingY>
						</Curve>
						<Curve>
							<UsingX><![CDATA[Lead]]></UsingX>
							<UsingY><![CDATA[S]]></UsingY>
						</Curve>
						<Curve>
							<UsingX><![CDATA[Lead]]></UsingX>
							<UsingY><![CDATA[Mg]]></UsingY>
						</Curve>
						<Curve>
							<UsingX><![CDATA[Lead]]></UsingX>
							<UsingY><![CDATA[C]]></UsingY>
						</Curve>
					</Curves>
					<Axes>
						<Axis>
							<Type>4560</Type>
						</Axis>
						<Axis>
							<Type>4561</Type>
						</Axis>
						<Axis>
							<Type>4562</Type>
						</Axis>
						<Axis>
							<Type>4563</Type>
						</Axis>
					</Axes>
					<Key />
				</Graph>
				<Graph>
					<Type>84523<Style>5000</Style>
					</Type>
					<Source>56844</Source>
					<Show>0</Show>
					<General>
						<Group><![CDATA[Default]]></Group>
						<VariableType><![CDATA[Water chemistry]]></VariableType>
						<Variable><![CDATA[Elements - mg]]></Variable>
						<ExportType>1001</ExportType>
						<ExportName><![CDATA[NULL]]></ExportName>
						<ExportDirectory><![CDATA[NULL]]></ExportDirectory>
					</General>
					<ID>3</ID>
					<Curves>
						<Curve>
							<UsingX><![CDATA[Lead]]></UsingX>
							<UsingY><![CDATA[Ca]]></UsingY>
						</Curve>
						<Curve>
							<UsingX><![CDATA[Lead]]></UsingX>
							<UsingY><![CDATA[Si]]></UsingY>
						</Curve>
						<Curve>
							<UsingX><![CDATA[Lead]]></UsingX>
							<UsingY><![CDATA[Al]]></UsingY>
						</Curve>
						<Curve>
							<UsingX><![CDATA[Lead]]></UsingX>
							<UsingY><![CDATA[S]]></UsingY>
						</Curve>
						<Curve>
							<UsingX><![CDATA[Lead]]></UsingX>
							<UsingY><![CDATA[Mg]]></UsingY>
						</Curve>
						<Curve>
							<UsingX><![CDATA[Lead]]></UsingX>
							<UsingY><![CDATA[C]]></UsingY>
						</Curve>
					</Curves>
					<Axes>
						<Axis>
							<Type>4560</Type>
						</Axis>
						<Axis>
							<Type>4561</Type>
						</Axis>
						<Axis>
							<Type>4562</Type>
						</Axis>
						<Axis>
							<Type>4563</Type>
						</Axis>
					</Axes>
					<Key />
				</Graph>
				<Graph>
					<Type>84523<Style>5000</Style>
					</Type>
					<Source>56844</Source>
					<Show>0</Show>
					<General>
						<Group><![CDATA[Default]]></Group>
						<VariableType><![CDATA[Solids]]></VariableType>
						<Variable><![CDATA[SolidsMoles  ]]></Variable>
						<ExportType>1001</ExportType>
						<ExportName><![CDATA[NULL]]></ExportName>
						<ExportDirectory><![CDATA[NULL]]></ExportDirectory>
					</General>
					<ID>4</ID>
					<Curves>
						<Curve>
							<UsingX><![CDATA[Lead]]></UsingX>
							<UsingY><![CDATA[OPCAlite]]></UsingY>
						</Curve>
						<Curve>
							<UsingX><![CDATA[Lead]]></UsingX>
							<UsingY><![CDATA[OPCBelite]]></UsingY>
						</Curve>
						<Curve>
							<UsingX><![CDATA[Lead]]></UsingX>
							<UsingY><![CDATA[OPCAluminate]]></UsingY>
						</Curve>
						<Curve>
							<UsingX><![CDATA[Lead]]></UsingX>
							<UsingY><![CDATA[OPCFerrite]]></UsingY>
						</Curve>
						<Curve>
							<UsingX><![CDATA[Lead]]></UsingX>
							<UsingY><![CDATA[CSH]]></UsingY>
						</Curve>
						<Curve>
							<UsingX><![CDATA[Lead]]></UsingX>
							<UsingY><![CDATA[MSH]]></UsingY>
						</Curve>
						<Curve>
							<UsingX><![CDATA[Lead]]></UsingX>
							<UsingY><![CDATA[AFT]]></UsingY>
						</Curve>
						<Curve>
							<UsingX><![CDATA[Lead]]></UsingX>
							<UsingY><![CDATA[Portlandite]]></UsingY>
						</Curve>
						<Curve>
							<UsingX><![CDATA[Lead]]></UsingX>
							<UsingY><![CDATA[Amor-Sl]]></UsingY>
						</Curve>
						<Curve>
							<UsingX><![CDATA[Lead]]></UsingX>
							<UsingY><![CDATA[Anh]]></UsingY>
						</Curve>
						<Curve>
							<UsingX><![CDATA[Lead]]></UsingX>
							<UsingY><![CDATA[Brc]]></UsingY>
						</Curve>
						<Curve>
							<UsingX><![CDATA[Lead]]></UsingX>
							<UsingY><![CDATA[C4AH19]]></UsingY>
						</Curve>
						<Curve>
							<UsingX><![CDATA[Lead]]></UsingX>
							<UsingY><![CDATA[Cal]]></UsingY>
						</Curve>
						<Curve>
							<UsingX><![CDATA[Lead]]></UsingX>
							<UsingY><![CDATA[Gp]]></UsingY>
						</Curve>
						<Curve>
							<UsingX><![CDATA[Lead]]></UsingX>
							<UsingY><![CDATA[Hemicarbonate]]></UsingY>
						</Curve>
						<Curve>
							<UsingX><![CDATA[Lead]]></UsingX>
							<UsingY><![CDATA[hemihydrate]]></UsingY>
						</Curve>
						<Curve>
							<UsingX><![CDATA[Lead]]></UsingX>
							<UsingY><![CDATA[Hydrotalcite]]></UsingY>
						</Curve>
						<Curve>
							<UsingX><![CDATA[Lead]]></UsingX>
							<UsingY><![CDATA[Monocarbonate]]></UsingY>
						</Curve>
						<Curve>
							<UsingX><![CDATA[Lead]]></UsingX>
							<UsingY><![CDATA[Monosulphate16]]></UsingY>
						</Curve>
						<Curve>
							<UsingX><![CDATA[Lead]]></UsingX>
							<UsingY><![CDATA[Straetlingite]]></UsingY>
						</Curve>
					</Curves>
					<Axes>
						<Axis>
							<Type>4560</Type>
						</Axis>
						<Axis>
							<Type>4561</Type>
						</Axis>
						<Axis>
							<Type>4562</Type>
						</Axis>
						<Axis>
							<Type>4563</Type>
						</Axis>
					</Axes>
					<Key />
				</Graph>
				<Graph>
					<Type>84523<Style>5000</Style>
					</Type>
					<Source>56844</Source>
					<Show>0</Show>
					<General>
						<Group><![CDATA[Default]]></Group>
						<VariableType><![CDATA[Solids]]></VariableType>
						<Variable><![CDATA[SolidsGrams ]]></Variable>
						<ExportType>1001</ExportType>
						<ExportName><![CDATA[NULL]]></ExportName>
						<ExportDirectory><![CDATA[NULL]]></ExportDirectory>
					</General>
					<ID>5</ID>
					<Curves>
						<Curve>
							<UsingX><![CDATA[Lead]]></UsingX>
							<UsingY><![CDATA[wOPCAlite]]></UsingY>
						</Curve>
						<Curve>
							<UsingX><![CDATA[Lead]]></UsingX>
							<UsingY><![CDATA[wOPCBelite]]></UsingY>
						</Curve>
						<Curve>
							<UsingX><![CDATA[Lead]]></UsingX>
							<UsingY><![CDATA[wOPCAluminate]]></UsingY>
						</Curve>
						<Curve>
							<UsingX><![CDATA[Lead]]></UsingX>
							<UsingY><![CDATA[wOPCFerrite]]></UsingY>
						</Curve>
						<Curve>
							<UsingX><![CDATA[Lead]]></UsingX>
							<UsingY><![CDATA[wCSH]]></UsingY>
						</Curve>
						<Curve>
							<UsingX><![CDATA[Lead]]></UsingX>
							<UsingY><![CDATA[wMSH]]></UsingY>
						</Curve>
						<Curve>
							<UsingX><![CDATA[Lead]]></UsingX>
							<UsingY><![CDATA[wAFT]]></UsingY>
						</Curve>
						<Curve>
							<UsingX><![CDATA[Lead]]></UsingX>
							<UsingY><![CDATA[wPortlandite]]></UsingY>
						</Curve>
						<Curve>
							<UsingX><![CDATA[Lead]]></UsingX>
							<UsingY><![CDATA[wAmor-Sl]]></UsingY>
						</Curve>
						<Curve>
							<UsingX><![CDATA[Lead]]></UsingX>
							<UsingY><![CDATA[wAnh]]></UsingY>
						</Curve>
						<Curve>
							<UsingX><![CDATA[Lead]]></UsingX>
							<UsingY><![CDATA[wBrc]]></UsingY>
						</Curve>
						<Curve>
							<UsingX><![CDATA[Lead]]></UsingX>
							<UsingY><![CDATA[wC4AH19]]></UsingY>
						</Curve>
						<Curve>
							<UsingX><![CDATA[Lead]]></UsingX>
							<UsingY><![CDATA[wCal]]></UsingY>
						</Curve>
						<Curve>
							<UsingX><![CDATA[Lead]]></UsingX>
							<UsingY><![CDATA[wGp]]></UsingY>
						</Curve>
						<Curve>
							<UsingX><![CDATA[Lead]]></UsingX>
							<UsingY><![CDATA[wHemicarbonate]]></UsingY>
						</Curve>
						<Curve>
							<UsingX><![CDATA[Lead]]></UsingX>
							<UsingY><![CDATA[whemihydrate]]></UsingY>
						</Curve>
						<Curve>
							<UsingX><![CDATA[Lead]]></UsingX>
							<UsingY><![CDATA[wHydrotalcite]]></UsingY>
						</Curve>
						<Curve>
							<UsingX><![CDATA[Lead]]></UsingX>
							<UsingY><![CDATA[wMonocarbonate]]></UsingY>
						</Curve>
						<Curve>
							<UsingX><![CDATA[Lead]]></UsingX>
							<UsingY><![CDATA[wMonosulphate16]]></UsingY>
						</Curve>
						<Curve>
							<UsingX><![CDATA[Lead]]></UsingX>
							<UsingY><![CDATA[wStraetlingite]]></UsingY>
						</Curve>
					</Curves>
					<Axes>
						<Axis>
							<Type>4560</Type>
						</Axis>
						<Axis>
							<Type>4561</Type>
						</Axis>
						<Axis>
							<Type>4562</Type>
						</Axis>
						<Axis>
							<Type>4563</Type>
						</Axis>
					</Axes>
					<Key />
				</Graph>
				<Graph>
					<Type>84523<Style>5000</Style>
					</Type>
					<Source>56844</Source>
					<Show>0</Show>
					<General>
						<Group><![CDATA[Default]]></Group>
						<VariableType><![CDATA[Solids]]></VariableType>
						<Variable><![CDATA[SolidsVolume ]]></Variable>
						<ExportType>1001</ExportType>
						<ExportName><![CDATA[Default - Solids - SolidsVolume ]]></ExportName>
						<ExportDirectory><![CDATA[project]]></ExportDirectory>
					</General>
					<ID>6</ID>
					<Curves>
						<Curve>
							<UsingX><![CDATA[Lead]]></UsingX>
							<UsingY><![CDATA[vOPCAlite]]></UsingY>
						</Curve>
						<Curve>
							<UsingX><![CDATA[Lead]]></UsingX>
							<UsingY><![CDATA[vOPCBelite]]></UsingY>
						</Curve>
						<Curve>
							<UsingX><![CDATA[Lead]]></UsingX>
							<UsingY><![CDATA[vOPCAluminate]]></UsingY>
						</Curve>
						<Curve>
							<UsingX><![CDATA[Lead]]></UsingX>
							<UsingY><![CDATA[vOPCFerrite]]></UsingY>
						</Curve>
						<Curve>
							<UsingX><![CDATA[Lead]]></UsingX>
							<UsingY><![CDATA[vCSH]]></UsingY>
						</Curve>
						<Curve>
							<UsingX><![CDATA[Lead]]></UsingX>
							<UsingY><![CDATA[vMSH]]></UsingY>
						</Curve>
						<Curve>
							<UsingX><![CDATA[Lead]]></UsingX>
							<UsingY><![CDATA[vAFT]]></UsingY>
						</Curve>
						<Curve>
							<UsingX><![CDATA[Lead]]></UsingX>
							<UsingY><![CDATA[vPortlandite]]></UsingY>
						</Curve>
						<Curve>
							<UsingX><![CDATA[Lead]]></UsingX>
							<UsingY><![CDATA[vAmor-Sl]]></UsingY>
						</Curve>
						<Curve>
							<UsingX><![CDATA[Lead]]></UsingX>
							<UsingY><![CDATA[vAnh]]></UsingY>
						</Curve>
						<Curve>
							<UsingX><![CDATA[Lead]]></UsingX>
							<UsingY><![CDATA[vBrc]]></UsingY>
						</Curve>
						<Curve>
							<UsingX><![CDATA[Lead]]></UsingX>
							<UsingY><![CDATA[vC4AH19]]></UsingY>
						</Curve>
						<Curve>
							<UsingX><![CDATA[Lead]]></UsingX>
							<UsingY><![CDATA[vCal]]></UsingY>
						</Curve>
						<Curve>
							<UsingX><![CDATA[Lead]]></UsingX>
							<UsingY><![CDATA[vGp]]></UsingY>
						</Curve>
						<Curve>
							<UsingX><![CDATA[Lead]]></UsingX>
							<UsingY><![CDATA[vHemicarbonate]]></UsingY>
						</Curve>
						<Curve>
							<UsingX><![CDATA[Lead]]></UsingX>
							<UsingY><![CDATA[vhemihydrate]]></UsingY>
						</Curve>
						<Curve>
							<UsingX><![CDATA[Lead]]></UsingX>
							<UsingY><![CDATA[vHydrotalcite]]></UsingY>
						</Curve>
						<Curve>
							<UsingX><![CDATA[Lead]]></UsingX>
							<UsingY><![CDATA[vMonocarbonate]]></UsingY>
						</Curve>
						<Curve>
							<UsingX><![CDATA[Lead]]></UsingX>
							<UsingY><![CDATA[vMonosulphate16]]></UsingY>
						</Curve>
						<Curve>
							<UsingX><![CDATA[Lead]]></UsingX>
							<UsingY><![CDATA[vStraetlingite]]></UsingY>
						</Curve>
						<Curve>
							<UsingX><![CDATA[Lead]]></UsingX>
							<UsingY><![CDATA[water]]></UsingY>
						</Curve>
					</Curves>
					<Axes>
						<Axis>
							<Type>4560</Type>
						</Axis>
						<Axis>
							<Type>4561</Type>
						</Axis>
						<Axis>
							<Type>4562</Type>
						</Axis>
						<Axis>
							<Type>4563</Type>
						</Axis>
					</Axes>
					<Key />
				</Graph>
				<Graph>
					<Type>84523<Style>5000</Style>
					</Type>
					<Source>56844</Source>
					<Show>0</Show>
					<General>
						<Group><![CDATA[Default]]></Group>
						<VariableType><![CDATA[Heat]]></VariableType>
						<Variable><![CDATA[Heat rate]]></Variable>
						<ExportType>1001</ExportType>
						<ExportName><![CDATA[NULL]]></ExportName>
						<ExportDirectory><![CDATA[NULL]]></ExportDirectory>
					</General>
					<ID>7</ID>
					<Curves>
						<Curve>
							<UsingX><![CDATA[Lead]]></UsingX>
							<UsingY><![CDATA[hTotal]]></UsingY>
						</Curve>
						<Curve>
							<UsingX><![CDATA[Lead]]></UsingX>
							<UsingY><![CDATA[hCement]]></UsingY>
						</Curve>
						<Curve>
							<UsingX><![CDATA[Lead]]></UsingX>
							<UsingY><![CDATA[hHydrates]]></UsingY>
						</Curve>
					</Curves>
					<Axes>
						<Axis>
							<Type>4560</Type>
						</Axis>
						<Axis>
							<Type>4561</Type>
						</Axis>
						<Axis>
							<Type>4562</Type>
						</Axis>
						<Axis>
							<Type>4563</Type>
						</Axis>
					</Axes>
					<Key />
				</Graph>
				<Graph>
					<Type>84523<Style>5000</Style>
					</Type>
					<Source>56844</Source>
					<Show>0</Show>
					<General>
						<Group><![CDATA[Default]]></Group>
						<VariableType><![CDATA[Heat]]></VariableType>
						<Variable><![CDATA[Cumulative Heat]]></Variable>
						<ExportType>1001</ExportType>
						<ExportName><![CDATA[Default - Heat - Cumulative Heat]]></ExportName>
						<ExportDirectory><![CDATA[project]]></ExportDirectory>
					</General>
					<ID>8</ID>
					<Curves>
						<Curve>
							<UsingX><![CDATA[Lead]]></UsingX>
							<UsingY><![CDATA[chTotal]]></UsingY>
						</Curve>
						<Curve>
							<UsingX><![CDATA[Lead]]></UsingX>
							<UsingY><![CDATA[chCement]]></UsingY>
						</Curve>
						<Curve>
							<UsingX><![CDATA[Lead]]></UsingX>
							<UsingY><![CDATA[chHydrates]]></UsingY>
						</Curve>
					</Curves>
					<Axes>
						<Axis>
							<Type>4560</Type>
						</Axis>
						<Axis>
							<Type>4561</Type>
						</Axis>
						<Axis>
							<Type>4562</Type>
						</Axis>
						<Axis>
							<Type>4563</Type>
						</Axis>
					</Axes>
					<Key />
				</Graph>
				<Graph>
					<Type>84523<Style>5000</Style>
					</Type>
					<Source>56844</Source>
					<Show>0</Show>
					<General>
						<Group><![CDATA[Default]]></Group>
						<VariableType><![CDATA[Miscellaneous]]></VariableType>
						<Variable><![CDATA[Volumes]]></Variable>
						<ExportType>1001</ExportType>
						<ExportName><![CDATA[NULL]]></ExportName>
						<ExportDirectory><![CDATA[NULL]]></ExportDirectory>
					</General>
					<ID>9</ID>
					<Curves>
						<Curve>
							<UsingX><![CDATA[Lead]]></UsingX>
							<UsingY><![CDATA[AggVol]]></UsingY>
						</Curve>
						<Curve>
							<UsingX><![CDATA[Lead]]></UsingX>
							<UsingY><![CDATA[CemVol]]></UsingY>
						</Curve>
						<Curve>
							<UsingX><![CDATA[Lead]]></UsingX>
							<UsingY><![CDATA[HydratesVol]]></UsingY>
						</Curve>
						<Curve>
							<UsingX><![CDATA[Lead]]></UsingX>
							<UsingY><![CDATA[GelPores]]></UsingY>
						</Curve>
						<Curve>
							<UsingX><![CDATA[Lead]]></UsingX>
							<UsingY><![CDATA[water]]></UsingY>
						</Curve>
						<Curve>
							<UsingX><![CDATA[Lead]]></UsingX>
							<UsingY><![CDATA[ChemShrink]]></UsingY>
						</Curve>
					</Curves>
					<Axes>
						<Axis>
							<Type>4560</Type>
						</Axis>
						<Axis>
							<Type>4561</Type>
						</Axis>
						<Axis>
							<Type>4562</Type>
						</Axis>
						<Axis>
							<Type>4563</Type>
						</Axis>
					</Axes>
					<Key />
				</Graph>
				<Graph>
					<Type>84523<Style>5000</Style>
					</Type>
					<Source>56844</Source>
					<Show>0</Show>
					<General>
						<Group><![CDATA[Default]]></Group>
						<VariableType><![CDATA[Miscellaneous]]></VariableType>
						<Variable><![CDATA[Hydration Degree]]></Variable>
						<ExportType>1001</ExportType>
						<ExportName><![CDATA[Default - Miscellaneous - Hydration Degree]]></ExportName>
						<ExportDirectory><![CDATA[project]]></ExportDirectory>
					</General>
					<ID>10</ID>
					<Gnuplot>
						<Commands><![CDATA[]]></Commands>
						<Origin><![CDATA[GraphGUI]]></Origin>
					</Gnuplot>
					<Curves>
						<Curve>
							<UsingX><![CDATA[Lead]]></UsingX>
							<UsingY><![CDATA[hdOPCAlite]]></UsingY>
						</Curve>
						<Curve>
							<UsingX><![CDATA[Lead]]></UsingX>
							<UsingY><![CDATA[hdOPCBelite]]></UsingY>
						</Curve>
						<Curve>
							<UsingX><![CDATA[Lead]]></UsingX>
							<UsingY><![CDATA[hdOPCAluminate]]></UsingY>
						</Curve>
						<Curve>
							<UsingX><![CDATA[Lead]]></UsingX>
							<UsingY><![CDATA[hdOPCFerrite]]></UsingY>
						</Curve>
						<Curve>
							<UsingX><![CDATA[Lead]]></UsingX>
							<UsingY><![CDATA[hdTotal]]></UsingY>
						</Curve>
					</Curves>
					<Axes>
						<Axis>
							<Type>4560</Type>
							<Logscale>True</Logscale>
						</Axis>
						<Axis>
							<Type>4561</Type>
							<Logscale>True</Logscale>
						</Axis>
						<Axis>
							<Type>4562</Type>
						</Axis>
						<Axis>
							<Type>4563</Type>
						</Axis>
					</Axes>
					<Key />
				</Graph>
				<Graph>
					<Type>84523<Style>5000</Style>
					</Type>
					<Source>56844</Source>
					<Show>0</Show>
					<General>
						<Group><![CDATA[Default]]></Group>
						<VariableType><![CDATA[Miscellaneous]]></VariableType>
						<Variable><![CDATA[Chemical Shrinkage]]></Variable>
						<ExportType>1001</ExportType>
						<ExportName><![CDATA[NULL]]></ExportName>
						<ExportDirectory><![CDATA[NULL]]></ExportDirectory>
					</General>
					<ID>11</ID>
					<Curves>
						<Curve>
							<UsingX><![CDATA[Lead]]></UsingX>
							<UsingY><![CDATA[ChemShrink]]></UsingY>
						</Curve>
					</Curves>
					<Axes>
						<Axis>
							<Type>4560</Type>
						</Axis>
						<Axis>
							<Type>4561</Type>
						</Axis>
						<Axis>
							<Type>4562</Type>
						</Axis>
						<Axis>
							<Type>4563</Type>
						</Axis>
					</Axes>
					<Key />
				</Graph>
			</Graphs>
		</Selected_Graph>
	</SelectedGraph_map>
</Graphs>
<Interpret>true</Interpret>
